municipio_cod;municipio;pop_19;homicidio_doloso_2;nº_de_vitimas_em_homicidio_doloso_3;homicidio_doloso_por_acidente_de_transito;nº_de_vitimas_em_homicidio_doloso_por_acidente_de_transito;homicidio_culposo_por_acidente_de_transito;homicidio_culposo_outros;tentativa_de_homicidio;lesao_corporal_seguida_de_morte;lesao_corporal_dolosa;lesao_corporal_culposa_por_acidente_de_transito;lesao_corporal_culposa_outras;latrocinio;nº_de_vitimas_em_latrocinio;total_de_estupro_4;estupro;estupro_de_vulneravel;total_de_roubo_outros_1;roubo_outros;roubo_de_veiculo;roubo_a_banco;roubo_de_carga;furto_outros;furto_de_veiculo
  1;Adamantina;   35068;  2;  2;0;0;  0; 1;  0; 0;  127;  167;   4; 0; 0;  11;  4;   7;     3;     3;    0; 0;   0;   151;    3
  2;Adolfo;    3562;  0;  0;0;0;  0; 0;  0; 0;   23;    4;   0; 0; 0;   1;  0;   1;     2;     2;    0; 0;   0;    41;    0
  3;Aguaí;   36305;  3;  3;0;0;  2; 0;  1; 0;  108;   21;   0; 0; 0;   8;  0;   8;    42;    42;   11; 0;   0;   255;    5
  4;Águas da Prata;    8180;  0;  0;0;0;  1; 0;  0; 0;   22;    9;   1; 0; 0;   0;  0;   0;     1;     1;    0; 0;   0;    38;    5
  5;Águas de Lindoia;   18705;  0;  0;0;0;  3; 0;  1; 0;   30;   12;   1; 0; 0;  12;  2;  10;    18;    18;    8; 0;   0;   151;   30
  6;Águas de Santa Bárbara;    6075;  0;  0;0;0;  3; 0;  0; 0;   21;    8;   0; 0; 0;   1;  1;   0;     3;     3;    0; 0;   0;    44;    2
  7;Águas de São Pedro;    3451;  0;  0;0;0;  0; 0;  0; 0;   11;    8;   0; 0; 0;   0;  0;   0;     2;     2;    0; 0;   0;    31;    3
  8;Agudos;   37214;  3;  3;0;0;  2; 0;  3; 0;  161;   86;   1; 0; 0;  12;  5;   7;    41;    40;    7; 0;   1;   372;   35
  9;Alambari;    6025;  0;  0;0;0;  2; 0;  0; 0;   26;   12;   1; 0; 0;   0;  0;   0;     1;     1;    1; 0;   0;    46;    0
 10;Alfredo Marcondes;    4166;  0;  0;0;0;  1; 0;  0; 0;   16;    3;   0; 0; 0;   1;  0;   1;     0;     0;    0; 0;   0;    12;    0
 11;Altair;    4160;  0;  0;0;0;  1; 0;  0; 0;   22;    4;   1; 0; 0;   1;  0;   1;     1;     1;    2; 0;   0;    17;    2
 12;Altinópolis;   16184;  2;  2;0;0;  4; 0;  0; 0;   65;   33;   0; 0; 0;   5;  1;   4;    12;    10;    5; 0;   2;   126;    9
 13;Alto Alegre;    4099;  0;  0;0;0;  0; 0;  1; 0;    7;    5;   1; 0; 0;   0;  0;   0;     1;     1;    0; 0;   0;    15;    0
 14;Alumínio;   18628;  1;  1;0;0;  3; 0;  2; 0;   47;   16;   0; 0; 0;   6;  1;   5;    21;    21;    7; 0;   0;   141;   14
 15;Álvares Florence;    3679;  0;  0;0;0;  1; 0;  0; 0;   24;    7;   0; 0; 0;   0;  0;   0;     3;     3;    0; 0;   0;    51;    1
 16;Álvares Machado;   24915;  0;  0;0;0;  0; 0;  2; 0;  117;   81;   0; 0; 0;   2;  0;   2;     6;     4;    0; 0;   2;   155;    6
 17;Álvaro de Carvalho;    5227;  1;  1;0;0;  0; 0;  0; 0;   17;    2;   0; 0; 0;   4;  1;   3;     2;     2;    0; 0;   0;    29;    0
 18;Alvinlândia;    3222;  0;  0;0;0;  0; 0;  0; 0;   17;    1;   1; 0; 0;   1;  0;   1;     1;     1;    0; 0;   0;     8;    2
 19;Americana;  239597;  8;  8;0;0; 21; 2; 10; 0;  740;  949;  11; 1; 1;  29;  8;  21;   605;   590;  127; 0;  15;  2497; 1004
 20;Américo Brasiliense;   40504;  2;  3;0;0;  2; 0;  9; 0;   91;   32;   0; 0; 0;  14;  2;  12;    39;    38;    1; 0;   1;   274;   22
 21;Américo de Campos;    5969;  0;  0;0;0;  1; 0;  0; 0;   29;   12;   0; 0; 0;   3;  1;   2;     3;     3;    0; 0;   0;    77;    1
 22;Amparo;   72195;  4;  4;0;0;  1; 0;  9; 0;  236;   74;   5; 0; 0;  22;  8;  14;    84;    84;   22; 0;   0;   466;   58
 23;Analândia;    4995;  1;  1;0;0;  0; 0;  1; 0;   19;    4;   0; 0; 0;   0;  0;   0;     5;     4;    3; 0;   1;    57;    3
 24;Andradina;   57157;  5;  5;0;0;  6; 3; 16; 0;  231;  253;   3; 1; 1;  14;  5;   9;    57;    54;    2; 0;   3;   713;   20
 25;Angatuba;   25228;  1;  1;0;0;  9; 0;  1; 1;   47;   35;   0; 0; 0;   5;  2;   3;    17;    17;    1; 0;   0;   194;    7
 26;Anhembi;    6724;  0;  0;0;0;  0; 0;  0; 0;   18;    9;   0; 0; 0;   7;  0;   7;     4;     4;    0; 0;   0;    33;    0
 27;Anhumas;    4115;  0;  0;0;0;  0; 0;  2; 0;   15;    5;   0; 0; 0;   0;  0;   0;     0;     0;    0; 0;   0;    19;    0
 28;Aparecida;   36157;  5;  5;0;0;  7; 0;  9; 0;  145;   91;   5; 0; 0;   8;  2;   6;    80;    77;   12; 0;   3;   568;   24
 29;Aparecida d'Oeste;    4196;  0;  0;0;0;  2; 0;  0; 0;   28;   11;   1; 0; 0;   1;  0;   1;     1;     1;    0; 0;   0;    24;    1
 30;Apiaí;   24374;  1;  1;0;0;  3; 1;  3; 0;  111;   24;   1; 0; 0;  24;  6;  18;     9;     9;    0; 0;   0;   213;   10
 31;Araçariguama;   22364;  2;  2;0;0;  6; 0;  1; 0;   59;   13;   0; 0; 0;  14;  0;  14;    52;    21;    8; 0;  31;   203;   15
 32;Araçatuba;  197016; 23; 23;0;0; 17; 1; 34; 0;  737;  129;  18; 1; 1;  73; 17;  56;   308;   308;   31; 0;   0;  2245;  163
 33;Araçoiaba da Serra;   34146;  1;  1;0;0; 10; 0;  1; 0;  101;   32;   1; 0; 0;  18;  5;  13;    32;    32;    7; 0;   0;   287;   11
 34;Aramina;    5620;  1;  1;0;0;  1; 0;  0; 0;   22;    5;   2; 0; 0;   0;  0;   0;     7;     4;    1; 0;   3;    43;    1
 35;Arandu;    6357;  0;  0;0;0;  1; 0;  0; 0;   27;    6;   0; 0; 0;   2;  0;   2;     0;     0;    0; 0;   0;    21;    1
 36;Arapeí;    2469;  0;  0;0;0;  0; 0;  1; 0;   15;    0;   0; 0; 0;   0;  0;   0;     2;     2;    0; 0;   0;     9;    0
 37;Araraquara;  236072; 15; 15;0;0; 28; 3; 22; 0;  783;  295;  27; 1; 1;  84; 24;  60;   301;   290;   29; 0;  11;  2465;  287
 38;Araras;  134236;  7;  7;0;0;  8; 1; 12; 2;  606;  695;   0; 2; 2;  37; 15;  22;   205;   193;   43; 0;  12;  1198;  323
 39;Arco-Íris;    1791;  0;  0;0;0;  0; 0;  0; 0;    3;    2;   1; 0; 0;   1;  1;   0;     0;     0;    0; 0;   0;     3;    0
 40;Arealva;    8560;  2;  2;0;0;  2; 0;  2; 0;   37;   15;   0; 0; 0;   1;  1;   0;     4;     4;    1; 0;   0;   109;    8
 41;Areias;    3886;  0;  0;0;0;  0; 0;  0; 0;   21;    4;   0; 0; 0;   4;  1;   3;     0;     0;    1; 0;   0;    19;    2
 42;Areiópolis;   11129;  2;  3;0;0;  0; 0;  1; 0;   36;    3;   0; 0; 0;   6;  0;   6;     1;     1;    0; 0;   0;    38;    2
 43;Ariranha;    9668;  0;  0;0;0;  0; 0;  1; 0;   50;    9;   0; 0; 0;   6;  3;   3;     1;     1;    2; 0;   0;    40;    7
 44;Artur Nogueira;   54408;  1;  1;0;0;  7; 0;  1; 1;  155;  142;   6; 0; 0;   6;  0;   6;    84;    83;   22; 0;   1;   342;  100
 45;Arujá;   89824;  3;  3;0;0;  6; 0; 11; 0;  363;  108;   3; 0; 0;  44; 11;  33;   314;   297;   95; 0;  17;   644;  173
 46;Aspásia;    1822;  0;  0;0;0;  0; 0;  0; 0;    5;    3;   0; 0; 0;   0;  0;   0;     0;     0;    0; 0;   0;     2;    2
 47;Assis;  104386;  6;  7;0;0;  9; 0;  6; 1;  443;  314;   2; 0; 0;  37;  8;  29;    75;    73;    6; 0;   2;   755;   95
 48;Atibaia;  142761;  2;  2;0;0; 21; 0; 13; 0;  514;  229;   0; 2; 2;  61; 16;  45;   363;   298;  153; 0;  65;  1355;  180
 49;Auriflama;   15189;  1;  1;0;0;  1; 0;  2; 0;   56;   31;   1; 0; 0;   4;  0;   4;    11;    11;    1; 0;   0;   114;    1
 50;Avaí;    5403;  0;  0;0;0;  1; 0;  0; 0;   24;    7;   0; 0; 0;   5;  0;   5;     5;     5;    0; 0;   0;    41;    1
 51;Avanhandava;   13649;  0;  0;0;0;  1; 0;  1; 0;   42;   13;   0; 0; 0;   3;  0;   3;     4;     4;    1; 0;   0;    61;    8
 52;Avaré;   90655;  2;  2;0;0; 17; 0;  3; 0;  424;  312;   8; 0; 0;  46; 12;  34;    28;    27;    6; 0;   1;   833;   34
 53;Bady Bassitt;   17502;  0;  0;0;0;  2; 0;  0; 0;   60;   16;   6; 0; 0;   7;  1;   6;    13;    12;    1; 0;   1;   185;   25
 54;Balbinos;    5735;  1;  1;0;0;  0; 0;  0; 0;   26;    0;   0; 0; 0;   1;  1;   0;     2;     2;    0; 0;   0;    14;    3
 55;Bálsamo;    9068;  0;  0;0;0;  1; 0;  0; 0;   42;   16;   0; 1; 1;   4;  0;   4;     4;     4;    0; 0;   0;    54;    2
 56;Bananal;   10945;  0;  0;0;0;  0; 0;  1; 0;   46;    2;   0; 0; 0;   2;  0;   2;     0;     0;    0; 0;   0;    54;    4
 57;Barão de Antonina;    3469;  0;  0;0;0;  0; 0;  0; 0;    5;    0;   0; 0; 0;   3;  2;   1;     0;     0;    0; 0;   0;     9;    0
 58;Barbosa;    7402;  0;  0;0;0;  2; 0;  0; 0;   35;   12;   0; 0; 0;   2;  0;   2;     0;     0;    0; 0;   0;    50;    1
 59;Bariri;   35264;  4;  4;0;0;  1; 0;  4; 0;  137;   33;   0; 2; 2;   9;  0;   9;    12;    12;    2; 0;   0;   330;   20
 60;Barra Bonita;   36126;  1;  1;0;0;  1; 0;  2; 0;   88;   70;   2; 0; 0;  11;  5;   6;    23;    22;    1; 0;   1;   268;   60
 61;Barra do Chapéu;    5724;  0;  0;0;0;  0; 0;  1; 0;   15;    2;   0; 0; 0;   3;  1;   2;     0;     0;    0; 0;   0;    17;    0
 62;Barra do Turvo;    7659;  3;  3;0;0;  6; 0;  2; 0;   34;    8;   0; 0; 0;   2;  1;   1;    32;    10;    2; 0;  22;   117;    0
 63;Barretos;  122098;  6;  7;0;0; 13; 0; 12; 0;  502;  469;  21; 1; 1;  36;  8;  28;   138;   131;   20; 0;   7;  1779;  178
 64;Barrinha;   32812;  0;  0;0;0;  3; 0;  2; 0;   89;   14;   1; 0; 0;  10;  1;   9;    34;    34;    0; 0;   0;   188;   15
 65;Barueri;  274182; 12; 12;0;0; 14; 0;  8; 2;  568;  617;  17; 0; 0;  95; 30;  65;   988;   907;  132; 0;  81;  2256;  433
 66;Bastos;   20953;  0;  0;0;0;  3; 0;  1; 0;   79;   62;   1; 1; 1;   6;  1;   5;    11;    11;    0; 0;   0;   131;    3
 67;Batatais;   62508;  6;  6;0;0;  3; 0;  2; 0;  123;  121;   4; 0; 0;  16;  2;  14;    41;    40;    6; 0;   1;   426;   73
 68;Bauru;  376818; 16; 16;0;0; 27; 0; 42; 3; 1708; 1439;  11; 0; 0; 120; 37;  83;   713;   710;   57; 0;   3;  4665;  459
 69;Bebedouro;   77496;  5;  5;0;0; 12; 1;  9; 0;  303;  304;   6; 0; 0;  21;  5;  16;    69;    67;   10; 0;   2;   670;   68
 70;Bento de Abreu;    2980;  0;  0;0;0;  1; 0;  0; 0;    5;    4;   0; 0; 0;   2;  1;   1;     0;     0;    0; 0;   0;    11;    0
 71;Bernardino de Campos;   11148;  0;  0;0;0;  4; 0;  2; 0;   69;   23;   0; 0; 0;   5;  1;   4;     4;     4;    0; 0;   0;   112;    3
 72;Bertioga;   63249;  7;  7;0;0; 12; 0;  6; 1;  305;   77;   0; 0; 0;  36;  8;  28;   315;   313;   29; 0;   2;   880;   69
 73;Bilac;    8034;  0;  0;0;0;  1; 0;  0; 0;   18;   11;   0; 0; 0;   1;  0;   1;     1;     1;    0; 0;   0;    38;    4
 74;Birigui;  123638;  5;  5;0;0;  7; 0; 13; 1;  385;  647;   9; 0; 0;  11;  5;   6;   195;   193;   16; 0;   2;   143;  136
 75;Biritiba Mirim;   32598;  0;  0;0;0;  2; 1;  3; 0;  131;   20;   1; 0; 0;  25;  6;  19;    21;    21;    2; 0;   0;   355;   19
 76;Boa Esperança do Sul;   14923;  1;  1;0;0;  5; 0;  0; 1;   71;    8;   2; 1; 1;  11;  2;   9;     5;     5;    0; 0;   0;   129;    4
 77;Bocaina;   12329;  0;  0;0;0;  3; 0;  3; 0;   40;    5;   0; 0; 0;  11;  2;   9;     6;     6;    3; 0;   0;    57;    1
 78;Bofete;   11730;  1;  1;0;0;  1; 0;  0; 0;   30;   25;   1; 0; 0;   6;  0;   6;     2;     2;    2; 0;   0;    67;    0
 79;Boituva;   60997;  2;  2;0;0;  3; 0;  2; 0;  195;  104;   1; 0; 0;  28;  8;  20;   112;   105;   32; 0;   7;   520;   89
 80;Bom Jesus dos Perdões;   25448;  0;  0;0;0;  1; 0;  2; 0;   59;   17;   4; 0; 0;   5;  2;   3;    21;    21;   10; 0;   0;   193;   26
 81;Bom Sucesso de Itararé;    3954;  0;  0;0;0;  0; 1;  1; 0;   11;    4;   0; 0; 0;   4;  1;   3;     0;     0;    0; 0;   0;     9;    0
 82;Borá;     837;  0;  0;0;0;  0; 0;  0; 0;    1;    0;   0; 0; 0;   0;  0;   0;     0;     0;    0; 0;   0;     5;    1
 83;Boraceia;    4823;  0;  0;0;0;  0; 0;  0; 0;   18;    4;   0; 0; 0;   5;  1;   4;     5;     5;    0; 0;   0;    33;    2
 84;Borborema;   16046;  1;  1;0;0;  7; 0;  1; 0;   64;    8;   4; 0; 0;   6;  2;   4;    10;     8;    1; 0;   2;   112;    6
 85;Borebi;    2653;  0;  0;0;0;  1; 0;  0; 0;    9;    4;   0; 0; 0;   2;  0;   2;     0;     0;    1; 0;   0;    14;    0
 86;Botucatu;  146497;  7;  7;1;1;  9; 0;  9; 0;  471;  406;   7; 0; 0;  79; 21;  58;    36;    34;    2; 1;   1;   104;   34
 87;Bragança Paulista;  168668;  6;  6;0;0; 20; 0; 16; 2;  569;  378;  12; 0; 0;  32; 10;  22;   231;   227;   53; 0;   4;  1468;  233
 88;Braúna;    5686;  0;  0;0;0;  0; 0;  1; 0;   28;    6;   0; 0; 0;   0;  0;   0;     4;     4;    1; 0;   0;    21;    2
 89;Brejo Alegre;    2865;  1;  1;0;0;  0; 0;  1; 0;   13;    2;   1; 0; 0;   1;  1;   0;     2;     2;    0; 0;   0;    36;    2
 90;Brodowski;   24939;  0;  0;0;0;  3; 0;  3; 0;   84;   25;   0; 0; 0;  12;  4;   8;    29;    29;    6; 0;   0;   251;   17
 91;Brotas;   24403;  1;  1;0;0;  6; 0;  2; 0;   58;   36;   0; 0; 0;   4;  2;   2;    17;    12;    3; 0;   5;   205;   13
 92;Buri;   19878;  2;  2;0;0;  0; 0;  1; 0;   97;   12;   0; 0; 0;  17;  2;  15;    16;    15;    2; 0;   1;   160;    4
 93;Buritama;   17144;  0;  0;0;0;  5; 0;  0; 0;   93;   48;   1; 0; 0;   6;  1;   5;    13;    13;    0; 0;   0;   207;    7
 94;Buritizal;    4481;  0;  0;0;0;  1; 0;  0; 0;   17;    3;   0; 0; 0;   0;  0;   0;     0;     0;    0; 0;   0;    30;    5
 95;Cabrália Paulista;    4264;  0;  0;0;0;  0; 0;  1; 0;   16;    2;   0; 0; 0;   6;  0;   6;     3;     3;    0; 0;   0;    40;    2
 96;Cabreúva;   49707;  4;  5;0;0;  2; 0;  4; 0;  157;   73;   3; 1; 1;  20;  3;  17;    59;    52;    8; 0;   7;   236;   36
 97;Caçapava;   94263; 12; 12;0;0; 20; 0; 13; 0;  257;   74;   0; 0; 0;  17;  5;  12;   364;   347;  148; 0;  17;   842;  198
 98;Cachoeira Paulista;   33327;  6;  6;0;0;  5; 0;  7; 0;  114;   40;   0; 0; 0;  14;  5;   9;    50;    49;   13; 0;   1;   261;   23
 99;Caconde;   18985;  0;  0;0;0;  2; 0;  1; 0;   58;   15;   0; 0; 0;   8;  2;   6;    11;    11;    3; 0;   0;   101;   11
100;Cafelândia;   17767;  2;  2;0;0;  3; 0;  2; 0;   42;   21;   2; 0; 0;   7;  1;   6;    13;    13;    1; 0;   0;   113;    7
101;Caiabu;    4191;  0;  0;0;0;  1; 0;  0; 0;   23;    4;   0; 0; 0;   1;  0;   1;     0;     0;    0; 0;   0;    13;    1
102;Caieiras;  101470;  2;  3;0;0;  8; 0;  4; 0;  312;   90;  11; 0; 0;  27;  6;  21;   161;   157;   59; 0;   4;   377;   67
103;Caiuá;    5874;  2;  2;0;0;  0; 0;  0; 0;   12;    1;   1; 0; 0;   2;  0;   2;     1;     1;    0; 0;   0;    27;    0
104;Cajamar;   76801; 14; 15;0;0; 10; 1;  9; 0;  255;  119;   0; 0; 0;  26;  6;  20;   190;   175;   60; 0;  15;   395;   80
105;Cajati;   28549;  3;  3;0;0;  8; 0;  4; 0;   97;   38;   0; 0; 0;  14;  5;   9;    80;    66;    4; 0;  14;   358;   13
106;Cajobi;   10542;  0;  0;0;0;  0; 0;  0; 0;   41;   16;   0; 0; 0;   2;  1;   1;     2;     2;    0; 0;   0;    80;    3
107;Cajuru;   26167;  2;  2;0;0;  2; 0;  5; 0;  123;   38;   0; 0; 0;   7;  2;   5;    35;    31;    4; 0;   4;   259;   13
108;Campina do Monte Alegre;    6024;  0;  0;0;0;  1; 0;  1; 0;   25;    3;   0; 0; 0;   1;  0;   1;     4;     4;    0; 0;   0;    59;    1
109;Campinas; 1204073;136;139;0;0; 87; 2; 71; 3; 3108; 2145;  64; 3; 4; 197; 50; 147;  6569;  6371; 2333; 0; 198; 15473; 3706
110;Campo Limpo Paulista;   84650;  3;  3;0;0; 11; 1;  7; 0;  244;  159;   5; 1; 1;  19;  4;  15;   270;   266;  119; 0;   4;   563;  140
111;Campos do Jordão;   52088;  2;  2;0;0;  4; 1;  2; 0;  207;   66;  23; 0; 0;  25;  4;  21;    47;    47;    0; 0;   0;   381;   24
112;Campos Novos Paulista;    4965;  0;  0;0;0;  0; 0;  0; 0;   10;    2;   0; 0; 0;   0;  0;   0;     1;     1;    0; 0;   0;    41;    2
113;Cananeia;   12540;  2;  2;0;0;  0; 1;  4; 0;  102;    7;   0; 0; 0;   7;  1;   6;     5;     5;    0; 0;   0;   127;    1
114;Canas;    5138;  2;  2;0;0;  2; 0;  2; 0;    9;    8;   0; 0; 0;   4;  1;   3;    11;    11;    0; 0;   0;    43;    1
115;Cândido Mota;   31280;  2;  2;0;0;  2; 1;  1; 0;   85;   49;   1; 0; 0;   7;  2;   5;    31;    31;    2; 0;   0;   375;   18
116;Cândido Rodrigues;    2793;  0;  0;0;0;  1; 0;  0; 0;   14;    0;   0; 0; 0;   1;  0;   1;     2;     2;    2; 0;   0;    35;    0
117;Canitar;    5216;  1;  1;0;0;  1; 0;  0; 0;   27;    8;   0; 0; 0;   1;  0;   1;     1;     1;    1; 0;   0;    51;    4
118;Capão Bonito;   47138;  4;  4;0;0; 16; 0;  3; 1;  183;  127;   1; 0; 0;  20;  5;  15;    61;    61;    5; 0;   0;   427;   16
119;Capela do Alto;   20706;  1;  1;0;0;  3; 0;  3; 0;   62;    9;   0; 0; 0;  10;  5;   5;     6;     6;    1; 0;   0;   181;    3
120;Capivari;   55768;  0;  0;0;0;  5; 0;  1; 0;  202;  135;  15; 0; 0;   8;  2;   6;    47;    45;   13; 0;   2;   280;   68
121;Caraguatatuba;  121532; 25; 26;0;0;  6; 1; 27; 0;  592;  310;   5; 2; 3;  78; 15;  63;   458;   457;   22; 0;   1;  1696;  127
122;Carapicuíba;  400927; 29; 31;0;0; 12; 4; 30; 2;  794;  410;  14; 1; 1; 114; 20;  94;  3301;  3251;  495; 0;  50;   225;  914
123;Cardoso;   12326;  1;  1;0;0;  1; 0;  1; 0;   47;   23;   4; 0; 0;   4;  0;   4;     2;     2;    2; 0;   0;   148;    6
124;Casa Branca;   30380;  2;  2;0;0;  6; 0;  7; 1;  163;   41;   0; 0; 0;   4;  2;   2;    14;    13;    9; 0;   1;   257;   16
125;Cássia dos Coqueiros;    2523;  0;  0;0;0;  0; 0;  1; 0;   15;    2;   0; 0; 0;   2;  0;   2;     1;     0;    0; 0;   1;    16;    1
126;Castilho;   21006;  0;  0;0;0;  0; 0;  7; 1;   64;   35;   1; 0; 0;   3;  0;   3;     5;     5;    1; 0;   0;   196;    7
127;Catanduva;  121862;  3;  3;0;0; 16; 0;  7; 0;  533;  698;  13; 2; 2;  39;  7;  32;    86;    85;    9; 1;   0;   986;  118
128;Catiguá;    7804;  0;  0;0;0;  4; 0;  1; 0;   32;   24;   3; 0; 0;   4;  2;   2;     1;     1;    0; 0;   0;    47;    1
129;Cedral;    9237;  0;  0;0;0;  3; 0;  0; 0;   45;   16;   1; 0; 0;   2;  0;   2;     2;     2;    0; 0;   0;   102;    7
130;Cerqueira César;   19985;  2;  2;0;0;  4; 0;  2; 0;  121;   15;   0; 0; 0;   8;  1;   7;     7;     6;    1; 0;   1;   102;    5
131;Cerquilho;   48949;  1;  1;0;0;  2; 0;  0; 0;  138;   90;   0; 0; 0;  14;  3;  11;    46;    46;   15; 0;   0;   251;   59
132;Cesário Lange;   18148;  1;  1;0;0;  2; 0;  1; 0;   72;   24;   4; 1; 1;   4;  0;   4;     9;     7;    2; 0;   2;   118;    3
133;Charqueada;   17190;  0;  0;0;0;  2; 1;  1; 0;   47;    4;   0; 0; 0;   2;  1;   1;    12;    12;    4; 0;   0;   110;    4
134;Chavantes;   12418;  1;  1;0;0;  1; 0;  1; 0;   51;   14;   0; 0; 0;  10;  4;   6;     5;     4;    0; 0;   1;   196;    7
135;Clementina;    8617;  0;  0;0;0;  4; 0;  2; 0;   32;    9;   1; 0; 0;   3;  0;   3;     1;     0;    0; 0;   1;    49;    4
136;Colina;   18468;  2;  2;0;0;  6; 0;  3; 0;   47;   21;   0; 0; 0;   1;  1;   0;     9;     9;    1; 0;   0;   229;   13
137;Colômbia;    6210;  0;  0;0;0;  0; 0;  0; 0;   17;    4;   0; 0; 0;   4;  2;   2;     7;     6;    7; 0;   1;    50;    9
138;Conchal;   28050;  2;  2;0;0;  2; 0;  7; 0;  109;   65;   0; 0; 0;   7;  2;   5;    49;    48;   18; 0;   1;   244;   40
139;Conchas;   17896;  0;  0;0;0;  3; 0;  1; 0;   55;   30;   1; 0; 0;   7;  2;   5;     3;     3;    0; 0;   0;    98;    9
140;Cordeirópolis;   24528;  1;  1;0;0;  5; 1;  1; 0;  102;   95;   1; 0; 0;   8;  1;   7;    43;    36;   21; 0;   7;   220;   20
141;Coroados;    6058;  2;  2;0;0;  1; 0;  0; 0;   23;   11;   1; 0; 0;   3;  1;   2;     1;     1;    1; 0;   0;    57;    3
142;Coronel Macedo;    4681;  0;  0;0;0;  3; 0;  0; 0;   21;    1;   1; 0; 0;   2;  0;   2;     0;     0;    0; 0;   0;    13;    0
143;Corumbataí;    4055;  3;  3;0;0;  0; 0;  1; 0;   21;    8;   0; 0; 0;   1;  0;   1;    10;     8;    1; 0;   2;    34;    1
144;Cosmópolis;   72252;  7;  8;0;0;  4; 1;  4; 0;  267;  143;   4; 0; 0;  15;  7;   8;   149;   140;   52; 0;   9;   584;  102
145;Cosmorama;    7307;  2;  2;0;0;  2; 0;  0; 0;   41;   17;   4; 0; 0;   0;  0;   0;     1;     1;    0; 0;   0;   105;    5
146;Cotia;  249210; 14; 14;0;0; 14; 1; 19; 3;  596;  578;  13; 3; 3;  58; 13;  45;  1265;  1187;  390; 0;  78;  1793;  342
147;Cravinhos;   35292;  1;  1;0;0;  2; 0;  3; 0;  120;   65;   0; 0; 0;  10;  0;  10;    34;    28;    9; 0;   6;   234;   22
148;Cristais Paulista;    8631;  0;  0;0;0;  1; 0;  0; 0;   21;   12;   1; 0; 0;   1;  0;   1;     4;     4;    2; 0;   0;   118;    4
149;Cruzália;    2073;  0;  0;0;0;  0; 0;  0; 0;    4;    2;   0; 0; 0;   1;  0;   1;     0;     0;    0; 0;   0;    10;    0
150;Cruzeiro;   82238; 26; 28;0;0;  5; 2; 20; 1;  281;  112;   1; 1; 1;  31;  6;  25;   135;   134;   16; 0;   1;   731;   99
151;Cubatão;  130705;  3;  3;0;0; 17; 0; 23; 0;  254;  145;   9; 0; 0;  33; 10;  23;   618;   548;  208; 0;  70;  1204;   89
152;Cunha;   21547;  3;  3;0;0;  5; 0;  2; 0;   31;   10;   0; 2; 2;   6;  3;   3;    21;    21;    1; 0;   0;   127;   11
153;Descalvado;   33718;  2;  2;1;1;  5; 0;  2; 0;  103;   16;   0; 0; 0;   8;  1;   7;    20;    20;    4; 0;   0;   254;   14
154;Diadema;  423884; 23; 23;0;0; 19; 2; 26; 0; 1035;  610;   7; 8; 9;  78; 20;  58;  5994;  5901; 1799; 1;  92;  3688;  877
155;Dirce Reis;    1793;  0;  0;0;0;  0; 0;  0; 0;    0;    1;   0; 0; 0;   3;  1;   2;     0;     0;    0; 0;   0;     4;    1
156;Divinolândia;   11146;  0;  0;0;0;  0; 0;  0; 0;   37;   13;   1; 0; 0;   3;  1;   2;     1;     1;    0; 0;   0;    49;    3
157;Dobrada;    8929;  1;  1;0;0;  4; 0;  0; 0;   14;    1;   0; 0; 0;   2;  0;   2;     8;     8;    3; 0;   0;    14;    1
158;Dois Córregos;   27315;  5;  5;0;0;  0; 1;  3; 0;  118;   27;   6; 0; 0;   8;  1;   7;    17;    17;    2; 0;   0;   274;   11
159;Dolcinópolis;    2115;  0;  0;0;0;  0; 0;  2; 0;    7;    1;   0; 0; 0;   1;  0;   1;     0;     0;    0; 0;   0;    11;    0
160;Dourado;    8873;  1;  1;0;0;  1; 0;  1; 0;   35;    4;   0; 0; 0;   1;  0;   1;     4;     4;    0; 0;   0;    50;    3
161;Dracena;   46793;  2;  2;0;0;  8; 0;  1; 0;  252;  305;   2; 0; 0;   4;  0;   4;     9;     9;    0; 0;   0;   459;   13
162;Duartina;   12445;  1;  1;0;0;  0; 0;  2; 0;   28;   25;   0; 0; 0;   6;  1;   5;     6;     6;    1; 0;   0;    92;    9
163;Dumont;    9868;  1;  1;0;0;  3; 0;  0; 0;   30;    8;   0; 0; 0;   4;  1;   3;     3;     3;    2; 0;   0;    43;    3
164;Echaporã;    6102;  0;  0;0;0;  2; 0;  0; 0;   24;    5;   1; 0; 0;   4;  1;   3;     0;     0;    1; 0;   0;    19;    0
165;Eldorado;   15494;  0;  0;0;0;  1; 0;  3; 0;   61;   11;   0; 0; 0;   6;  4;   2;     4;     4;    2; 0;   0;    71;    4
166;Elias Fausto;   17772;  0;  0;0;0;  0; 0;  3; 0;   58;   26;   0; 0; 0;   4;  0;   4;    19;    14;    5; 0;   5;    93;   30
167;Elisiário;    3651;  0;  0;0;0;  1; 0;  0; 0;   11;    6;   0; 1; 1;   1;  0;   1;     2;     2;    0; 0;   0;    10;    1
168;Embaúba;    2452;  0;  0;0;0;  0; 0;  0; 0;    7;    4;   0; 0; 0;   2;  0;   2;     1;     1;    0; 0;   0;     8;    0
169;Embu das Artes;  273726; 21; 23;0;0; 17; 2; 28; 0;  671;  231;  11; 0; 0;  87; 20;  67;  1592;  1531;  206; 0;  61;    11;  192
170;Embu-Guaçu;   69385;  5;  5;0;0;  9; 1;  6; 0;  220;   61;   3; 0; 0;  25;  7;  18;   255;   246;   53; 1;   8;   385;   62
171;Emilianópolis;    3214;  0;  0;0;0;  0; 0;  0; 0;   10;    5;   0; 0; 0;   0;  0;   0;     0;     0;    0; 0;   0;    11;    0
172;Engenheiro Coelho;   20773;  0;  0;0;0;  1; 0;  2; 0;   81;   28;   0; 0; 0;   2;  0;   2;    20;    14;    6; 0;   6;   127;   13
173;Espírito Santo do Pinhal;   44330;  0;  0;0;0;  4; 0;  1; 0;  187;  113;   0; 0; 0;   3;  0;   3;    24;    24;    8; 0;   0;   377;   28
174;Espírito Santo do Turvo;    4829;  1;  1;0;0;  1; 0;  0; 0;   26;    3;   0; 0; 0;   1;  0;   1;     2;     2;    0; 0;   0;    48;    0
175;Estiva Gerbi;   11304;  0;  0;0;0;  0; 0;  0; 0;   58;   17;   1; 0; 0;   4;  0;   4;    13;    13;    4; 0;   0;    91;    9
176;Estrela do Norte;    2766;  1;  1;0;0;  0; 0;  0; 0;   18;    1;   0; 0; 0;   0;  0;   0;     1;     1;    0; 0;   0;    22;    0
177;Estrela d'Oeste;    8419;  0;  0;0;0;  2; 0;  1; 0;   21;   12;   0; 0; 0;   5;  0;   5;     2;     1;    0; 0;   1;    55;    2
178;Euclides da Cunha Paulista;    9371;  0;  0;0;0;  0; 0;  0; 0;   26;    5;   0; 0; 0;   3;  1;   2;     1;     1;    0; 0;   0;    55;    1
179;Fartura;   16036;  3;  3;0;0;  3; 0;  1; 0;   97;   22;   1; 0; 0;  17;  4;  13;     8;     8;    3; 0;   0;   189;    9
180;Fernando Prestes;    5783;  0;  0;0;0;  0; 0;  1; 0;   28;    9;   5; 0; 0;   1;  0;   1;     4;     3;    1; 0;   1;    56;    2
181;Fernandópolis;   69116;  2;  2;1;1;  8; 1;  5; 0;  295;  440;  12; 0; 0;  24; 10;  14;    22;    20;    0; 0;   2;   538;   30
182;Fernão;    1716;  0;  0;0;0;  0; 0;  0; 0;   10;    3;   1; 0; 0;   1;  0;   1;     2;     2;    0; 0;   0;    20;    0
183;Ferraz de Vasconcelos;  194276; 15; 15;0;0;  0; 0;  8; 0;  410;   69;  25; 3; 3;  53; 15;  38;  1672;  1647;  469; 0;  25;   126;  375
184;Flora Rica;    1464;  0;  0;0;0;  0; 0;  0; 0;    9;    2;   0; 0; 0;   0;  0;   0;     0;     0;    0; 0;   0;    11;    0
185;Floreal;    2917;  0;  0;0;0;  1; 0;  1; 0;    7;    6;   0; 0; 0;   0;  0;   0;     0;     0;    1; 0;   0;    23;    1
186;Flórida Paulista;   14640;  0;  0;0;0;  1; 0;  0; 0;   58;   16;   2; 0; 0;   8;  0;   8;     0;     0;    0; 0;   0;    28;    0
187;Florínea;    2676;  2;  2;0;0;  1; 0;  0; 0;   31;    0;   0; 0; 0;   1;  0;   1;     1;     1;    0; 0;   0;    35;    0
188;Franca;  353187; 16; 16;0;0; 27; 2;  8; 2;  946;  879;  43; 0; 0;  64; 25;  39;   447;   442;   33; 0;   5;  4624;  526
189;Francisco Morato;  175844; 15; 15;0;0;  3; 0;  9; 0;  232;   99;   7; 1; 1;  27; 10;  17;   798;   789;   78; 0;   9;   105;   89
190;Franco da Rocha;  154489; 12; 12;0;0;  8; 0; 10; 0;  581;  145;   0; 1; 1;  64; 14;  50;   575;   569;   94; 0;   6;   684;  110
191;Gabriel Monteiro;    2776;  0;  0;0;0;  1; 0;  1; 0;    6;    2;   0; 0; 0;   0;  0;   0;     0;     0;    0; 0;   0;    12;    0
192;Gália;    6548;  0;  0;0;0;  2; 0;  1; 0;   52;    6;   1; 0; 0;   5;  0;   5;    11;    11;    0; 0;   0;    93;    2
193;Garça;   44390;  2;  2;0;0;  1; 0;  5; 0;  186;  128;   2; 1; 1;  12;  3;   9;    42;    41;    4; 0;   1;   631;   21
194;Gastão Vidigal;    4808;  1;  1;0;0;  0; 0;  0; 0;    6;    3;   0; 0; 0;   1;  0;   1;     0;     0;    0; 0;   0;    21;    0
195;Gavião Peixoto;    4789;  1;  1;0;0;  1; 0;  1; 0;   13;    1;   1; 0; 0;   4;  0;   4;     3;     3;    0; 0;   0;    21;    7
196;General Salgado;   10869;  0;  0;0;0;  3; 0;  0; 0;   37;    9;   0; 0; 0;   2;  0;   2;     0;     0;    0; 0;   0;    82;    5
197;Getulina;   11409;  1;  1;0;0;  0; 0;  1; 0;   49;    2;   0; 0; 0;   3;  1;   2;     3;     3;    0; 0;   0;    96;    2
198;Glicério;    4815;  1;  1;0;0;  0; 0;  0; 0;   10;    6;   0; 0; 0;   0;  0;   0;     3;     3;    0; 0;   0;    48;    3
199;Guaiçara;   12168;  0;  0;0;0;  0; 0;  0; 0;   55;   19;   0; 0; 0;   6;  2;   4;    14;    14;    0; 0;   0;   165;    8
200;Guaimbê;    5765;  1;  1;0;0;  3; 0;  1; 0;   26;    4;   0; 0; 0;   1;  1;   0;     2;     1;    0; 0;   1;    46;    4
201;Guaíra;   40790;  1;  1;0;0;  2; 1;  2; 0;  216;   87;   3; 0; 0;  18;  5;  13;    32;    31;   14; 0;   1;   453;   42
202;Guapiaçu;   21454;  2;  3;0;0;  3; 0;  1; 0;   78;   18;   1; 0; 0;   6;  1;   5;    12;    12;    2; 0;   0;   127;   13
203;Guapiara;   17157;  2;  2;0;0;  2; 0;  1; 0;   72;   27;   1; 0; 0;   9;  1;   8;     7;     7;    1; 0;   0;    95;    5
204;Guará;   21220;  2;  2;0;0;  3; 0;  0; 0;   79;   15;   0; 0; 0;   6;  1;   5;    45;    41;    2; 0;   4;   385;    8
205;Guaraçaí;    8323;  0;  0;0;0;  0; 0;  1; 0;   31;    8;   0; 0; 0;   5;  0;   5;     0;     0;    0; 0;   0;    35;    1
206;Guaraci;   11188;  0;  0;0;0;  0; 0;  0; 0;   61;   22;   0; 0; 0;   2;  0;   2;     4;     4;    1; 0;   0;   100;    5
207;Guarani d'Oeste;    2000;  0;  0;0;0;  0; 0;  0; 0;    9;    2;   0; 0; 0;   2;  0;   2;     1;     1;    0; 0;   0;     8;    0
208;Guarantã;    6664;  0;  0;0;0;  1; 0;  1; 0;   33;   11;   0; 0; 0;   0;  0;   0;     6;     5;    0; 0;   1;    62;    1
209;Guararapes;   32939;  7;  7;0;0;  1; 0;  5; 0;   99;  102;   5; 0; 0;  13;  6;   7;    28;    27;    1; 0;   1;   212;    5
210;Guararema;   29798;  3;  3;0;0;  4; 0;  3; 0;   98;   20;   1; 0; 0;  13;  3;  10;    48;    40;   51; 0;   8;   264;   12
211;Guaratinguetá;  121798; 18; 18;0;0; 15; 1; 36; 0;  253;  258;  11; 0; 0;  29;  6;  23;   251;   250;   24; 0;   1;   963;   64
212;Guareí;   18520;  0;  0;0;0;  3; 0;  4; 0;   35;    6;   0; 0; 0;   5;  1;   4;     4;     4;    0; 0;   0;    58;    3
213;Guariba;   40105;  3;  3;0;0;  2; 0;  2; 0;   81;   11;   0; 1; 1;  15;  5;  10;    68;    68;   47; 0;   0;   262;   29
214;Guarujá;  320459; 10; 10;0;0; 21; 3; 31; 0;  882;  463;  10; 0; 0;  96; 23;  73;  2502;  2469;  101; 0;  33;  3131;  298
215;Guarulhos; 1379182; 67; 68;1;1; 77; 5; 85; 3; 2752;  126;  90; 3; 4; 330; 95; 235;  6342;  6095; 1699; 0; 247; 11486; 2501
216;Guatapará;    7656;  1;  1;0;0;  2; 0;  4; 0;   51;    4;   1; 0; 0;   6;  2;   4;     4;     4;    2; 0;   0;    62;    1
217;Guzolândia;    5267;  0;  0;0;0;  2; 0;  0; 0;   28;    6;   1; 0; 0;   2;  0;   2;     2;     2;    0; 0;   0;    49;    1
218;Herculândia;    9526;  1;  1;0;0;  1; 0;  0; 0;   26;   11;   0; 0; 0;   4;  2;   2;     1;     1;    0; 0;   0;    45;    6
219;Holambra;   14930;  0;  0;0;0;  2; 1;  2; 0;   36;   44;   1; 0; 0;   2;  0;   2;     3;     3;    4; 0;   0;    88;    8
220;Hortolândia;  230851; 13; 14;0;0; 16; 0; 18; 0;  624;  435;  10; 3; 3;  74; 10;  64;  1128;  1091;  397; 1;  36;  1542;  473
221;Iacanga;   11710;  0;  0;0;0;  4; 0;  6; 0;   62;    9;   5; 0; 0;  10;  3;   7;     4;     4;    0; 0;   0;    84;    5
222;Iacri;    6321;  0;  0;0;0;  2; 0;  3; 0;   26;   14;   1; 0; 0;   6;  0;   6;     3;     0;    0; 0;   3;    26;    1
223;Iaras;    9240;  1;  1;0;0;  0; 0;  2; 0;   30;    2;   2; 0; 0;   6;  1;   5;     4;     4;    0; 0;   0;    26;    1
224;Ibaté;   35104;  4;  4;0;0;  1; 0;  2; 0;   93;   19;   0; 0; 0;   4;  2;   2;    36;    36;    2; 0;   0;   277;   14
225;Ibirá;   12393;  1;  1;0;0;  1; 0;  0; 0;   51;   14;   4; 0; 0;   3;  0;   3;     3;     3;    0; 0;   0;   121;    3
226;Ibirarema;    7753;  0;  0;0;0;  1; 0;  1; 0;   14;    3;   0; 0; 0;   4;  2;   2;     1;     1;    0; 0;   0;    36;    2
227;Ibitinga;   60033;  3;  3;0;0; 11; 0;  4; 0;  371;   96;   8; 0; 0;  16;  8;   8;    49;    49;    8; 0;   0;   708;   48
228;Ibiúna;   78878;  6;  6;0;0; 10; 0;  6; 0;  303;  132;   7; 0; 0;  46; 20;  26;   149;   145;   63; 0;   4;   521;   93
229;Icém;    8243;  0;  0;0;0;  2; 0;  0; 0;   25;    8;   0; 0; 0;   3;  0;   3;     1;     1;    0; 0;   0;    19;    2
230;Iepê;    8159;  0;  0;0;0;  1; 0;  0; 0;   29;    1;   0; 0; 0;   2;  0;   2;     0;     0;    1; 0;   0;    82;    1
231;Igaraçu do Tietê;   24674;  0;  0;0;0;  1; 0;  2; 0;   83;   27;   0; 0; 0;   4;  0;   4;    17;    17;    1; 0;   0;   181;   19
232;Igarapava;   30432;  5;  5;0;0;  0; 0;  2; 0;   86;   16;   1; 0; 0;  12;  6;   6;    22;    21;    2; 0;   1;   230;    7
233;Igaratá;    9534;  1;  1;0;0;  6; 0;  0; 0;   42;    5;   0; 0; 0;   5;  2;   3;    28;    21;    5; 0;   7;    89;    9
234;Iguape;   30857;  1;  1;0;0;  5; 0;  6; 0;  141;   39;   0; 0; 0;  12;  2;  10;    36;    36;    2; 0;   0;   499;   10
235;Ilha Comprida;   11166;  1;  1;0;0;  1; 0;  0; 0;  104;   41;   0; 2; 2;   9;  3;   6;    43;    43;    4; 0;   0;   653;   14
236;Ilha Solteira;   26686;  0;  0;0;0;  3; 1;  2; 0;  109;   84;  10; 0; 0;   9;  1;   8;    12;    12;    1; 0;   0;   236;    7
237;Ilhabela;   34970;  2;  2;0;0;  0; 1;  8; 0;  379;    4;   2; 0; 0;  11;  5;   6;    24;    24;    0; 0;   0;   530;   18
238;Indaiatuba;  251627;  9;  9;0;0; 17; 1; 12; 0;  663;  477;   0; 1; 1;  81; 20;  61;   452;   452;   31; 0;   0;  2072;  182
239;Indiana;    4885;  0;  0;0;0;  1; 0;  0; 0;   28;   14;   0; 0; 0;   0;  0;   0;     1;     1;    0; 0;   0;    32;    0
240;Indiaporã;    3897;  1;  1;0;0;  1; 0;  0; 0;   19;    7;   0; 0; 0;   1;  1;   0;     0;     0;    0; 0;   0;    17;    0
241;Inúbia Paulista;    3991;  0;  0;0;0;  1; 0;  0; 0;    1;    3;   1; 0; 0;   1;  0;   1;     0;     0;    0; 0;   0;     5;    0
242;Ipaussu;   14971;  0;  0;0;0;  1; 0;  0; 0;   72;   20;   0; 0; 0;   1;  1;   0;     2;     2;    0; 0;   0;    93;    6
243;Iperó;   37133;  4;  4;0;0;  2; 0;  3; 0;  114;   27;   0; 0; 0;  11;  0;  11;    32;    32;    3; 0;   0;   198;   25
244;Ipeúna;    7546;  2;  2;0;0;  1; 0;  1; 0;   29;    5;   2; 0; 0;   6;  1;   5;    22;    22;    4; 0;   0;    81;    4
245;Ipiguá;    5392;  0;  0;0;0;  0; 0;  1; 0;   24;    7;   0; 0; 0;   3;  0;   3;     0;     0;    0; 0;   0;    62;    3
246;Iporanga;    4218;  0;  0;0;0;  0; 0;  1; 0;   15;    2;   0; 0; 0;   2;  0;   2;     3;     2;    0; 0;   1;    42;    3
247;Ipuã;   16409;  3;  3;0;0;  0; 1;  0; 0;   45;    9;   2; 1; 1;  11;  2;   9;    11;    11;    0; 0;   0;   113;    5
248;Iracemápolis;   24235;  0;  0;0;0;  0; 0;  0; 0;   79;   34;   0; 0; 0;   1;  0;   1;    21;    20;   13; 0;   1;   150;   60
249;Irapuã;    7993;  0;  0;0;0;  2; 0;  1; 1;   33;   10;   0; 0; 0;   0;  0;   0;     3;     3;    0; 0;   0;    59;    1
250;Irapuru;    8294;  0;  0;0;0;  0; 0;  0; 0;   47;    8;   0; 0; 0;   2;  0;   2;     1;     1;    0; 0;   0;    41;    1
251;Itaberá;   17556;  0;  0;0;0;  2; 0;  1; 0;   55;   13;   0; 0; 0;   8;  3;   5;     3;     3;    0; 0;   0;    72;    1
252;Itaí;   27125;  4;  4;0;0;  5; 1;  2; 0;   54;   28;   2; 0; 0;   9;  0;   9;    17;    17;    1; 0;   0;   167;    8
253;Itajobi;   15262;  1;  1;0;0;  5; 0;  0; 1;   54;   18;   0; 0; 0;   7;  2;   5;     6;     6;    0; 0;   0;    99;   11
254;Itaju;    3835;  0;  0;0;0;  1; 0;  0; 0;    8;    2;   0; 0; 0;   2;  0;   2;     1;     1;    0; 0;   0;    16;    2
255;Itanhaém;  101816; 14; 14;0;0; 19; 2; 28; 0;  458;  171;  13; 2; 2;  57; 16;  41;   792;   775;  118; 0;  17;   261;  198
256;Itaoca;    3328;  1;  1;0;0;  0; 0;  0; 0;    9;    2;   0; 0; 0;   7;  2;   5;     0;     0;    0; 0;   0;    14;    1
257;Itapecerica da Serra;  175693; 15; 15;1;1;  9; 0;  8; 4;  375;  200;   2; 0; 0;  36;  9;  27;    11;  1014;  246; 0;  86;  1018;  168
258;Itapetininga;  163901; 10; 10;0;0; 21; 0; 19; 0;  620;  389;   7; 1; 1;  83; 23;  60;   184;   184;   17; 0;   0;  1554;  137
259;Itapeva;   94354;  2;  2;0;0; 14; 0;  2; 0;  313;  104;   8; 0; 0;  38;  8;  30;    63;    63;    2; 0;   0;   590;   49
260;Itapevi;  237700; 28; 31;0;0;  3; 0; 17; 0;  439;  325;   5; 0; 0;  90; 16;  74;   953;   907;  148; 0;  46;  1333;  276
261;Itapira;   74773;  3;  3;0;0;  6; 0;  4; 0;  232;  229;   5; 1; 1;  20;  6;  14;   102;   102;   45; 0;   0;   546;  149
262;Itapirapuã Paulista;    4241;  0;  0;0;0;  0; 0;  2; 0;   12;    1;   0; 0; 0;   0;  0;   0;     0;     0;    0; 0;   0;     9;    1
263;Itápolis;   43120;  3;  3;0;0;  4; 0;  2; 0;  154;   89;   1; 0; 0;  12;  2;  10;    27;    27;    4; 0;   0;   364;   30
264;Itaporanga;   15149;  2;  2;0;0;  0; 0;  0; 0;   37;    2;   2; 0; 0;   8;  4;   4;     2;     2;    0; 0;   0;    49;    8
265;Itapuí;   13992;  1;  1;0;0;  3; 0;  0; 0;   73;   12;   3; 1; 1;   3;  1;   2;    15;    15;    0; 0;   0;   153;    5
266;Itapura;    4906;  0;  0;0;0;  2; 0;  4; 0;   26;    6;   0; 0; 0;   1;  0;   1;     0;     0;    1; 0;   0;    44;    1
267;Itaquaquecetuba;  370821; 19; 24;0;0; 18; 0; 19; 0;  827;  182;   2; 4; 4; 133; 27; 106;  2948;  2821;  783; 0; 127;  2541;  700
268;Itararé;   50503;  2;  2;0;0;  2; 0;  1; 0;  224;   94;   0; 0; 0;  23;  3;  20;    28;    28;    4; 0;   0;   298;   11
269;Itariri;   17436;  3;  3;0;0;  2; 0;  5; 0;   70;   12;   0; 0; 0;   5;  0;   5;    19;    19;    2; 0;   0;   156;    2
270;Itatiba;  120858;  4;  4;0;0; 14; 0; 14; 0;  280;  289;   4; 0; 0;  21;  7;  14;   253;   240;   67; 0;  13;   828;   96
271;Itatinga;   20697;  0;  0;0;0;  4; 0;  4; 0;   72;   52;   3; 0; 0;   9;  0;   9;     8;     4;    0; 0;   4;    88;    3
272;Itirapina;   18157;  0;  0;0;0;  4; 0;  1; 0;   61;   15;   4; 0; 0;   2;  1;   1;    18;    13;    2; 0;   5;   144;    3
273;Itirapuã;    6499;  0;  0;0;0;  2; 0;  0; 0;   30;    0;   0; 0; 0;   1;  0;   1;     4;     4;    2; 0;   0;    79;    4
274;Itobi;    7841;  0;  0;0;0;  0; 0;  1; 0;   46;    5;   0; 0; 0;  13;  2;  11;     1;     1;    0; 0;   0;    54;    4
275;Itu;  173939;  8;  8;0;0; 23; 1; 17; 0;  393;  206;   9; 0; 0;  58; 17;  41;   286;   275;   59; 0;  11;  1351;  238
276;Itupeva;   61252;  4;  4;0;0;  4; 0;  9; 0;  203;  125;   5; 0; 0;  14;  3;  11;    92;    81;   39; 0;  11;   439;   44
277;Ituverava;   41824;  4;  4;0;0;  3; 1;  4; 0;  124;   43;   0; 0; 0;  22;  3;  19;    43;    39;    4; 0;   4;   342;   25
278;Jaborandi;    6929;  0;  0;0;0;  1; 0;  1; 0;   25;    4;   0; 0; 0;   3;  0;   3;     1;     1;    0; 0;   0;    28;    2
279;Jaboticabal;   77263;  9;  9;0;0;  7; 0;  4; 0;  215;  154;   0; 1; 1;  24;  6;  18;   205;   203;   35; 0;   2;   116;  113
280;Jacareí;  233662; 34; 36;0;0; 23; 0; 25; 0;  788;  420;  12; 0; 0;  84; 10;  74;   799;   719;  260; 0;  80;  1853;  404
281;Jaci;    7067;  1;  1;0;0;  2; 0;  0; 0;   23;   11;   0; 0; 0;   4;  1;   3;     3;     3;    0; 0;   0;    11;    0
282;Jacupiranga;   17866;  1;  1;0;0;  2; 0;  8; 1;   63;   39;   0; 1; 1;   7;  0;   7;    19;    16;    5; 0;   3;   135;    7
283;Jaguariúna;   57488;  3;  3;0;0; 12; 0;  4; 0;  172;  198;   3; 0; 0;  17;  6;  11;   149;   144;   44; 0;   5;   818;  101
284;Jales;   49107;  1;  1;0;0; 11; 0;  4; 0;  198;  355;   3; 0; 0;  20;  5;  15;    14;    13;    2; 0;   1;   400;   25
285;Jambeiro;    6602;  1;  1;0;0;  0; 0;  1; 0;   16;    4;   0; 0; 0;   2;  1;   1;    11;    11;    1; 0;   0;    70;    3
286;Jandira;  124937; 11; 11;0;0;  2; 0;  5; 0;  508;  119;   0; 0; 0;  37;  9;  28;   563;   532;   58; 0;  31;   808;  166
287;Jardinópolis;   44380;  4;  4;0;0;  3; 0;  5; 0;  152;   29;   3; 0; 0;  20;  4;  16;    69;    69;   29; 0;   0;   386;   60
288;Jarinu;   30044;  7;  9;0;0;  4; 0;  3; 0;   90;   30;   5; 0; 0;  17;  4;  13;    69;    56;   37; 0;  13;   255;   29
289;Jaú;  150252;  4;  4;0;0; 22; 0;  8; 0;  461;  302;   3; 1; 1;  44;  7;  37;    98;    91;    9; 0;   7;  1084;   81
290;Jeriquara;    3159;  1;  1;0;0;  1; 0;  0; 0;   28;    9;   0; 0; 0;   2;  0;   2;     2;     2;    0; 0;   0;    48;    0
291;Joanópolis;   13220;  2;  2;0;0;  0; 0;  2; 0;   50;   12;   0; 0; 0;   6;  2;   4;    11;    11;    0; 0;   0;   113;    9
292;João Ramalho;    4523;  1;  1;0;0;  1; 0;  0; 0;   19;    4;   0; 0; 0;   6;  1;   5;     2;     1;    0; 0;   1;    22;    2
293;José Bonifácio;   37015;  0;  0;0;0;  7; 0;  6; 0;  144;  104;   4; 0; 0;  12;  2;  10;    53;    53;    2; 0;   0;   314;   20
294;Júlio Mesquita;    4776;  0;  0;0;0;  0; 0;  2; 0;   23;    4;   0; 0; 0;   4;  2;   2;     0;     0;    0; 0;   0;    21;    0
295;Jumirim;    3367;  0;  0;0;0;  2; 0;  0; 0;    9;    5;   0; 0; 0;   0;  0;   0;     4;     4;    0; 0;   0;    10;    0
296;Jundiaí;  418962; 28; 33;0;0; 39; 1; 17; 1;  994;  722;  25; 1; 1;  93; 27;  66;  1299;  1166;  385; 0; 133;  4557;  648
297;Junqueirópolis;   20679;  1;  1;0;0;  0; 0;  3; 0;   90;   53;   0; 0; 0;   5;  0;   5;     0;     0;    0; 0;   0;    92;    2
298;Juquiá;   18812;  5;  5;0;0;  3; 0;  1; 0;   46;   24;  64; 0; 0;  10;  1;   9;    41;    38;    2; 0;   3;   208;    7
299;Juquitiba;   31444;  1;  1;0;0;  5; 1;  6; 0;  111;   18;   1; 0; 0;  14;  2;  12;   118;    96;   15; 0;  22;   307;   17
300;Lagoinha;    4896;  0;  0;0;0;  0; 0;  0; 0;   23;    2;   0; 0; 0;   4;  0;   4;     2;     2;    0; 0;   0;    51;    1
301;Laranjal Paulista;   28516;  3;  3;0;0;  1; 0;  1; 0;   44;   19;   1; 0; 0;   8;  1;   7;    19;    19;    1; 0;   0;   214;   12
302;Lavínia;   11980;  0;  0;0;0;  1; 0;  2; 0;   20;    3;   0; 0; 0;   0;  0;   0;     0;     0;    0; 0;   0;    45;    0
303;Lavrinhas;    7260;  1;  1;0;0;  3; 0;  0; 0;   27;    8;   1; 0; 0;   4;  1;   3;     7;     6;    2; 0;   1;    46;    2
304;Leme;  103391; 11; 11;1;1;  4; 1;  6; 0;  405;  336;   0; 0; 0;  32;  5;  27;   217;   208;   22; 0;   9;   891;  121
305;Lençóis Paulista;   68432;  4;  4;0;0;  3; 0;  4; 0;  198;  155;   4; 0; 0;  22;  3;  19;    43;    42;    3; 0;   1;   485;   45
306;Limeira;  306114; 14; 15;0;0; 27; 0; 14; 2;  833;  754;   3; 1; 1; 105; 32;  73;   887;   852;  155; 0;  35;  2864;  806
307;Lindoia;    7980;  0;  0;0;0;  0; 0;  1; 0;   31;   14;   0; 0; 0;   5;  0;   5;     3;     3;    1; 0;   0;    36;    1
308;Lins;   78013;  6;  7;0;0;  9; 0;  4; 2;  334;  269;   6; 1; 1;  38; 11;  27;   106;   105;    4; 0;   1;  1528;  117
309;Lorena;   88706; 16; 17;0;0;  4; 0; 11; 0;  283;  196;   6; 0; 0;  35; 15;  20;   218;   215;    9; 0;   3;   701;   36
310;Lourdes;    2289;  0;  0;0;0;  0; 0;  0; 0;    8;    0;   1; 0; 0;   1;  0;   1;     0;     0;    0; 0;   0;    13;    0
311;Louveira;   48885;  3;  3;0;0;  2; 0;  2; 0;  137;   86;  18; 0; 0;  15;  3;  12;    83;    78;   24; 0;   5;   293;   47
312;Lucélia;   21747;  0;  0;0;0;  2; 0;  0; 0;  131;   80;   3; 0; 0;   7;  0;   7;     3;     3;    0; 0;   0;   103;    1
313;Lucianópolis;    2394;  0;  0;0;0;  0; 0;  0; 0;    2;    1;   0; 0; 0;   1;  0;   1;     0;     0;    0; 0;   0;    10;    1
314;Luiz Antônio;   14947;  0;  0;0;0;  0; 0;  0; 0;   56;    7;   0; 1; 1;   7;  3;   4;     9;     6;    2; 0;   3;    88;    4
315;Luiziânia;    5790;  1;  2;0;0;  2; 0;  1; 0;   24;    4;   0; 0; 0;   0;  0;   0;     1;     1;    0; 0;   0;    11;    1
316;Lupércio;    4584;  0;  0;0;0;  0; 0;  0; 0;   17;    5;   0; 0; 0;   1;  0;   1;     0;     0;    0; 0;   0;    24;    0
317;Lutécia;    2649;  0;  0;0;0;  1; 0;  0; 0;   11;    1;   0; 0; 0;   1;  0;   1;     0;     0;    0; 0;   0;    13;    0
318;Macatuba;   17163;  0;  0;0;0;  0; 0;  0; 0;   69;   14;   3; 1; 1;   7;  1;   6;     9;     9;    3; 0;   0;    95;    8
319;Macaubal;    8120;  0;  0;0;0;  0; 0;  1; 0;   34;   12;   7; 0; 0;   4;  1;   3;     2;     2;    0; 0;   0;    81;    5
320;Macedônia;    3698;  0;  0;0;0;  4; 0;  0; 0;    8;    7;   1; 0; 0;   0;  0;   0;     1;     1;    0; 0;   0;    13;    0
321;Magda;    3119;  0;  0;0;0;  0; 0;  0; 0;    3;    4;   0; 0; 0;   1;  0;   1;     0;     0;    0; 0;   0;     7;    3
322;Mairinque;   47150;  8;  8;0;0; 11; 1;  5; 0;  131;   51;   0; 1; 1;  19;  4;  15;    66;    61;   12; 0;   5;   294;   56
323;Mairiporã;  100179;  7;  7;0;0;  7; 0;  4; 1;  323;   92;   5; 1; 1;  36; 10;  26;   268;   245;  116; 1;  22;   530;  132
324;Manduri;    9846;  3;  3;0;0;  1; 0;  0; 0;   18;    7;   0; 0; 0;   3;  0;   3;     1;     1;    1; 0;   0;    26;    5
325;Marabá Paulista;    5853;  0;  0;0;0;  0; 0;  1; 0;   15;    1;   0; 0; 0;   1;  1;   0;     0;     0;    0; 0;   0;    42;    0
326;Maracaí;   14002;  0;  0;0;0;  3; 0;  0; 0;   34;   20;   0; 0; 0;   6;  1;   5;     2;     2;    0; 0;   0;    64;    3
327;Marapoama;    3031;  0;  0;0;0;  1; 0;  0; 0;    9;    2;   0; 0; 0;   1;  0;   1;     0;     0;    0; 0;   0;    17;    0
328;Mariápolis;    4084;  0;  0;0;0;  0; 0;  0; 0;   19;    6;   0; 0; 0;   2;  0;   2;     0;     0;    0; 0;   0;    14;    1
329;Marília;  238882; 11; 13;0;0; 18; 3; 18; 1;  956; 1361;  26; 0; 0;  76; 21;  55;   203;   201;    7; 0;   2;  2087;  154
330;Marinópolis;    2112;  0;  0;0;0;  0; 0;  3; 0;    7;    5;   0; 0; 0;   1;  0;   1;     0;     0;    0; 0;   0;     8;    1
331;Martinópolis;   26461;  0;  0;0;0;  6; 0;  0; 0;  150;   44;   0; 0; 0;  15;  3;  12;     3;     2;    0; 0;   1;   147;    6
332;Matão;   83170;  3;  4;0;0; 16; 2; 10; 0;  289;  110;   4; 0; 0;  20;  6;  14;    80;    75;   16; 0;   5;   515;   88
333;Mauá;  472912; 35; 36;0;0; 11; 1; 26; 2;  855;  359;   5; 1; 1;  81; 15;  66;  2715;  2669; 1093; 0;  46;  2373; 1407
334;Mendonça;    5490;  0;  0;0;0;  3; 0;  0; 0;   36;    8;   3; 0; 0;   2;  1;   1;     0;     0;    0; 0;   0;    64;    2
335;Meridiano;    3836;  0;  0;0;0;  0; 0;  0; 0;   12;   12;   0; 0; 0;   1;  1;   0;     1;     0;    0; 0;   1;    17;    1
336;Mesópolis;    1908;  1;  1;0;0;  0; 0;  0; 0;   14;    3;   0; 0; 0;   1;  1;   0;     0;     0;    0; 0;   0;     7;    0
337;Miguelópolis;   22226;  5;  5;0;0;  1; 0;  2; 0;   50;   19;   0; 0; 0;   9;  2;   7;    15;    14;    3; 0;   1;   230;   11
338;Mineiros do Tietê;   12908;  2;  2;0;0;  0; 0;  1; 0;   39;   10;   0; 0; 0;   6;  2;   4;     2;     2;    1; 0;   0;    86;    3
339;Mira Estrela;    3086;  0;  0;0;0;  1; 0;  0; 0;   11;    4;   0; 0; 0;   1;  0;   1;     0;     0;    0; 0;   0;    32;    0
340;Miracatu;   19779;  3;  3;0;0; 16; 0;  9; 0;   99;   67;   0; 0; 0;  19;  5;  14;   179;   152;   27; 0;  27;   274;    7
341;Mirandópolis;   29564;  3;  3;0;0;  2; 0;  0; 0;  107;   46;   3; 0; 0;  14;  5;   9;     8;     8;    1; 0;   0;   198;    6
342;Mirante do Paranapanema;   18259;  0;  0;0;0;  6; 0;  1; 0;   81;   26;   0; 0; 0;  10;  2;   8;     6;     6;    1; 0;   0;   223;    3
343;Mirassol;   59824;  7;  7;0;0;  4; 0;  4; 0;  187;  272;   6; 0; 0;  13;  5;   8;    47;    45;    2; 0;   2;   456;   30
344;Mirassolândia;    4871;  1;  1;0;0;  1; 0;  1; 0;   39;    3;   1; 0; 0;   5;  1;   4;     0;     0;    0; 0;   0;    36;    2
345;Mococa;   68885;  1;  1;0;0;  2; 0;  5; 2;  263;  155;   0; 0; 0;  24;  5;  19;    63;    59;   10; 0;   4;   586;   51
346;Mogi das Cruzes;  445842; 21; 23;0;0; 38; 2; 40; 0;  758;  441; 142; 1; 1; 131; 31; 100;  1154;  1143;  268; 0;  11;  3186;  686
347;Mogi Guaçu;  151888;  9; 10;0;0; 15; 2;  9; 1;  555;  507;   8; 0; 0;  39; 14;  25;   577;   573;  116; 0;   4;  1649;  480
348;Mogi Mirim;   93189; 12; 12;0;0; 17; 0;  7; 0;  292;  333;   6; 0; 0;  23;  7;  16;   306;   305;  127; 0;   1;   864;  283
349;Mombuca;    3493;  0;  0;0;0;  0; 0;  0; 0;   23;    4;   0; 0; 0;   3;  2;   1;     3;     3;    2; 0;   0;    47;    2
350;Monções;    2259;  0;  0;0;0;  1; 0;  0; 0;    5;    5;   0; 0; 0;   3;  0;   3;     0;     0;    0; 0;   0;    16;    2
351;Mongaguá;   56702;  3;  3;0;0;  7; 0;  5; 1;  321;  114;   2; 0; 0;  31;  9;  22;   668;   649;  109; 0;  19;  1732;  202
352;Monte Alegre do Sul;    8038;  0;  0;0;0;  1; 0;  0; 0;   18;    2;   0; 0; 0;   3;  1;   2;     5;     5;    1; 0;   0;    45;    2
353;Monte Alto;   50498;  1;  1;0;0;  2; 0;  3; 0;  180;   72;   3; 0; 0;   9;  5;   4;    65;    65;   12; 0;   0;   654;   59
354;Monte Aprazível;   25087;  1;  1;0;0;  3; 0;  2; 0;   98;   54;  11; 0; 0;   8;  2;   6;     6;     5;    1; 0;   1;   178;    5
355;Monte Azul Paulista;   19008;  1;  1;0;0;  4; 0;  3; 0;  107;   45;   1; 0; 0;   5;  3;   2;    10;    10;    2; 0;   0;   133;    6
356;Monte Castelo;    4166;  0;  0;0;0;  1; 0;  0; 0;   17;    4;   1; 0; 0;   3;  0;   3;     0;     0;    0; 0;   0;    24;    1
357;Monte Mor;   59772;  6;  6;0;0;  9; 0; 10; 0;  250;   85;   5; 0; 0;  23;  7;  16;   131;   126;   66; 0;   5;   378;   61
358;Monteiro Lobato;    4653;  0;  0;0;0;  0; 0;  0; 0;   15;    5;   0; 1; 1;   3;  0;   3;     2;     2;    0; 0;   0;    21;    2
359;Morro Agudo;   32968;  4;  4;0;0;  3; 0;  5; 0;  111;   20;   1; 0; 0;   8;  1;   7;    31;    31;    3; 0;   0;   279;   23
360;Morungaba;   13622;  0;  0;0;0;  1; 0;  1; 0;   41;   24;   1; 1; 1;   4;  2;   2;    12;    12;    1; 0;   0;    91;    9
361;Motuca;    4758;  0;  0;0;0;  1; 0;  0; 0;   12;    1;   0; 0; 0;   1;  0;   1;     0;     0;    3; 0;   0;    13;    0
362;Murutinga do Sul;    4486;  0;  0;0;0;  1; 0;  0; 0;   13;    4;   0; 0; 0;   1;  0;   1;     0;     0;    0; 0;   0;    25;    0
363;Nantes;    3141;  0;  0;0;0;  0; 0;  0; 0;    9;    1;   0; 0; 0;   4;  1;   3;     1;     1;    0; 0;   0;    10;    2
364;Narandiba;    4857;  1;  1;0;0;  0; 0;  2; 0;   46;    4;   0; 0; 0;   3;  0;   3;     0;     0;    0; 0;   0;    51;    0
365;Natividade da Serra;    6661;  2;  3;0;0;  1; 0;  0; 0;   21;    5;   0; 0; 0;   2;  1;   1;     2;     2;    2; 0;   0;    55;    7
366;Nazaré Paulista;   18524;  4;  5;0;0;  5; 1;  4; 0;   50;    6;   1; 0; 0;   8;  0;   8;    20;    17;   13; 0;   3;   136;   13
367;Neves Paulista;    8930;  0;  0;0;0;  2; 0;  0; 0;   34;   13;   0; 0; 0;   4;  0;   4;     3;     3;    1; 0;   0;    64;    1
368;Nhandeara;   11478;  0;  0;0;0;  0; 1;  0; 0;   37;   24;   3; 0; 0;   8;  1;   7;     1;     1;    0; 0;   0;    78;   19
369;Nipoã;    5213;  0;  0;0;0;  1; 0;  3; 0;   15;    2;   1; 0; 0;   0;  0;   0;     0;     0;    1; 0;   0;    37;    5
370;Nova Aliança;    6973;  0;  0;0;0;  0; 0;  2; 0;   28;    8;   0; 0; 0;   5;  0;   5;     5;     5;    0; 0;   0;    49;    4
371;Nova Campina;    9755;  1;  1;0;0;  1; 0;  1; 0;   29;    6;   0; 0; 0;   6;  2;   4;     1;     1;    0; 0;   0;    63;    3
372;Nova Canaã Paulista;    1881;  0;  0;0;0;  1; 0;  0; 0;    7;    1;   1; 0; 0;   2;  0;   2;     0;     0;    0; 0;   0;    10;    1
373;Nova Castilho;    1267;  0;  0;0;0;  0; 0;  0; 0;    4;    0;   0; 0; 0;   1;  0;   1;     0;     0;    0; 0;   0;    10;    1
374;Nova Europa;   11186;  0;  0;0;0;  0; 0;  0; 0;   48;    1;   1; 0; 0;   4;  1;   3;     8;     8;    0; 0;   0;    54;    5
375;Nova Granada;   21500;  1;  1;0;0;  5; 0;  5; 0;   81;   33;   0; 0; 0;   5;  0;   5;     9;     8;    2; 0;   1;   144;   12
376;Nova Guataporanga;    2316;  1;  1;0;0;  0; 0;  0; 0;   12;    1;   0; 0; 0;   0;  0;   0;     0;     0;    0; 0;   0;    13;    1
377;Nova Independência;    3969;  0;  0;0;0;  1; 0;  3; 0;   10;    6;   0; 0; 0;   3;  0;   3;     0;     0;    0; 0;   0;    48;    0
378;Nova Luzitânia;    4101;  0;  0;0;0;  0; 0;  0; 0;    4;    0;   1; 0; 0;   1;  0;   1;     0;     0;    0; 0;   0;     8;    0
379;Nova Odessa;   60174;  3;  3;0;0;  1; 0;  4; 0;  216;  205;   3; 0; 0;  16;  4;  12;   137;   130;   20; 0;   7;   523;   79
380;Novais;    5830;  0;  0;0;0;  1; 1;  1; 0;   19;    6;   0; 0; 0;   4;  0;   4;     3;     3;    1; 0;   0;    17;    5
381;Novo Horizonte;   41052;  1;  1;0;0;  6; 0;  4; 0;  196;  102;   0; 0; 0;  14;  2;  12;    19;    19;    5; 0;   0;   362;   28
382;Nuporanga;    7432;  0;  0;0;0;  0; 0;  1; 1;   25;    5;   0; 0; 0;   5;  0;   5;     3;     2;    0; 0;   1;   112;    2
383;Ocauçu;    4289;  0;  0;0;0;  2; 0;  2; 0;   23;    6;   0; 0; 0;   1;  0;   1;     3;     2;    1; 0;   1;    30;    0
384;Óleo;    2496;  2;  2;0;0;  1; 0;  0; 0;   14;    1;   0; 0; 0;   0;  0;   0;     0;     0;    0; 0;   0;    17;    0
385;Olímpia;   54772;  0;  0;0;0; 10; 0;  4; 0;  184;   76;   9; 0; 0;  15;  2;  13;    48;    46;    7; 0;   2;   485;   41
386;Onda Verde;    4381;  0;  0;0;0;  3; 0;  1; 0;   12;    8;   0; 0; 0;   8;  1;   7;     2;     2;    0; 0;   0;    35;    2
387;Oriente;    6515;  0;  0;0;0;  1; 0;  2; 0;   14;    5;   0; 0; 0;   3;  0;   3;     1;     1;    0; 0;   0;    35;    0
388;Orindiúva;    7066;  0;  0;0;0;  2; 0;  0; 0;   17;    5;   0; 0; 0;   2;  1;   1;     0;     0;    0; 0;   0;    26;    0
389;Orlândia;   44028;  0;  0;0;0;  4; 0;  4; 0;  101;   53;   2; 0; 0;  13;  2;  11;    27;    21;    6; 0;   6;   187;   28
390;Osasco;  698418; 45; 45;1;1; 25; 4; 48; 0; 1533;  930;  24; 2; 2; 173; 37; 136;  5997;  5773;  878; 0; 224;  6641; 2763
391;Oscar Bressane;    2603;  0;  0;0;0;  0; 0;  0; 0;    8;    0;   0; 0; 0;   0;  0;   0;     0;     0;    1; 0;   0;     9;    0
392;Osvaldo Cruz;   32879;  3;  4;0;0;  2; 0;  3; 0;   79;   91;   4; 1; 1;   3;  0;   3;     8;     8;    1; 0;   0;   176;    4
393;Ourinhos;  113542;  5;  5;0;0; 12; 0;  8; 0;  460;  425;  11; 0; 0;  35;  7;  28;    97;    88;    2; 0;   9;  1418;   89
394;Ouro Verde;    8562;  1;  1;0;0;  1; 0;  1; 0;   54;   10;   0; 0; 0;   4;  1;   3;     1;     1;    0; 0;   0;    31;    1
395;Ouroeste;   10361;  0;  0;0;0;  4; 0;  0; 0;   44;   18;   0; 0; 0;   2;  0;   2;     5;     5;    1; 0;   0;    47;    3
396;Pacaembu;   14197;  0;  0;0;0;  2; 0;  0; 0;   69;   13;   2; 0; 0;   1;  0;   1;     1;     1;    0; 0;   0;    53;    2
397;Palestina;   12957;  1;  1;0;0;  2; 1;  0; 0;   28;    8;   0; 0; 0;   2;  0;   2;     2;     2;    0; 0;   0;    52;    4
398;Palmares Paulista;   13275;  0;  0;0;0;  1; 0;  0; 0;   48;   14;   1; 0; 0;   7;  4;   3;     0;     0;    0; 0;   0;    21;    2
399;Palmeira d'Oeste;    9283;  0;  0;0;0;  2; 0;  0; 0;   23;   12;   1; 0; 0;   1;  1;   0;     2;     2;    0; 0;   0;    27;    3
400;Palmital;   22221;  4;  4;0;0;  4; 0;  1; 0;   64;   18;   0; 0; 0;   8;  2;   6;    25;    21;    3; 0;   4;   202;    5
401;Panorama;   15777;  0;  0;0;0;  1; 0;  3; 0;  120;   41;   0; 0; 0;   6;  0;   6;     1;     1;    0; 0;   0;   224;    2
402;Paraguaçu Paulista;   45703;  0;  0;0;0;  7; 0;  3; 0;  154;   60;   8; 1; 1;  10;  2;   8;    29;    27;    2; 0;   2;   414;   17
403;Paraibuna;   18222;  0;  0;0;0;  1; 0;  1; 0;   83;   14;   0; 0; 0;  12;  2;  10;    28;    27;    1; 0;   1;   162;    5
404;Paraíso;    6454;  0;  0;0;0;  0; 0;  0; 0;   16;    8;   0; 0; 0;   3;  1;   2;     3;     3;    1; 0;   0;    17;    0
405;Paranapanema;   20197;  0;  0;0;0;  2; 0;  0; 0;   86;    9;   1; 0; 0;  11;  1;  10;     4;     4;    1; 0;   0;    82;    5
406;Paranapuã;    4078;  2;  2;0;0;  2; 0;  2; 0;   22;    3;   2; 0; 0;   1;  0;   1;     0;     0;    0; 0;   0;    20;    0
407;Parapuã;   10964;  0;  0;0;0;  4; 0;  1; 0;   38;    9;   0; 0; 0;   2;  0;   2;     3;     2;    0; 0;   1;    86;    3
408;Pardinho;    6435;  1;  1;0;0;  4; 0;  1; 0;   38;   22;   0; 0; 0;   1;  0;   1;     3;     2;    0; 0;   1;    61;    4
409;Pariquera-Açu;   19648;  0;  0;0;0;  7; 1;  2; 0;   87;   36;   1; 0; 0;  13;  4;   9;    15;    15;    0; 0;   0;   197;    9
410;Parisi;    2161;  0;  0;0;0;  1; 0;  0; 0;   22;    4;   0; 0; 0;   2;  0;   2;     0;     0;    0; 0;   0;    32;    2
411;Patrocínio Paulista;   14670;  2;  2;0;0;  0; 0;  0; 0;   53;   11;   6; 0; 0;   3;  1;   2;    14;    14;    7; 0;   0;   207;   15
412;Pauliceia;    7366;  0;  0;0;0;  1; 0;  1; 0;   27;    3;   0; 0; 0;   6;  0;   6;     1;     1;    0; 0;   0;    35;    2
413;Paulínia;  109424;  3;  3;0;0; 12; 2; 11; 0;  448;  268;  11; 1; 1;  44; 12;  32;   199;   189;   65; 0;  10;   947;  208
414;Paulistânia;    1833;  0;  0;0;0;  1; 0;  0; 0;    7;    2;   0; 0; 0;   0;  0;   0;     0;     0;    0; 0;   0;    10;    0
415;Paulo de Faria;    8945;  0;  0;0;0;  4; 0;  6; 0;   37;    5;   0; 0; 0;   2;  0;   2;     1;     1;    0; 0;   0;    42;    1
416;Pederneiras;   46687;  0;  0;0;0;  8; 1;  1; 0;  190;  144;  10; 0; 0;  13;  4;   9;    31;    30;    3; 0;   1;   468;   48
417;Pedra Bela;    6093;  0;  0;0;0;  0; 0;  0; 0;   14;    2;   0; 0; 0;   4;  0;   4;     4;     3;    3; 0;   1;    28;    2
418;Pedranópolis;    2494;  0;  0;0;0;  0; 0;  0; 0;    6;    3;   0; 0; 0;   2;  1;   1;     0;     0;    0; 0;   0;    18;    0
419;Pedregulho;   16744;  1;  1;0;0;  1; 0;  3; 0;   67;    8;   0; 0; 0;   6;  3;   3;     6;     6;    2; 0;   0;   219;    6
420;Pedreira;   47919;  3;  3;0;0;  2; 0;  2; 0;  157;   61;   1; 1; 1;   8;  4;   4;    49;    49;   29; 0;   0;   223;   91
421;Pedrinhas Paulista;    3093;  0;  0;0;0;  0; 0;  0; 0;   13;    3;   0; 0; 0;   0;  0;   0;     1;     1;    0; 0;   0;    25;    0
422;Pedro de Toledo;   11331;  0;  0;0;0;  0; 0;  6; 0;   40;   11;   2; 0; 0;   4;  2;   2;     7;     7;    2; 0;   0;    96;    6
423;Penápolis;   63407;  1;  1;0;0;  7; 1;  1; 0;  260;  328;   4; 0; 0;  18;  3;  15;    47;    47;    1; 0;   0;   566;   27
424;Pereira Barreto;   25669;  1;  1;0;0;  4; 0;  5; 0;   84;   84;   0; 0; 0;  16;  2;  14;     5;     5;    3; 0;   0;   182;    6
425;Pereiras;    8668;  0;  0;0;0;  2; 0;  0; 0;   16;    2;   2; 0; 0;   3;  0;   3;     0;     0;    0; 0;   0;    28;    2
426;Peruíbe;   68284; 14; 14;0;0;  6; 1;  7; 0;  310;  107;  12; 1; 1;  34;  8;  26;   435;   432;   48; 0;   3;  1523;  120
427;Piacatu;    5980;  0;  0;0;0;  1; 0;  0; 0;   26;    5;   0; 0; 0;   4;  0;   4;     4;     3;    0; 0;   1;    34;    3
428;Piedade;   55348;  5;  5;0;0;  9; 0;  3; 0;  118;   41;   2; 1; 1;  24;  6;  18;    43;    43;   12; 0;   0;   471;   28
429;Pilar do Sul;   29185;  3;  3;0;0;  6; 0;  5; 0;   82;   24;   0; 0; 0;  18;  2;  16;    27;    27;    2; 0;   0;   146;   29
430;Pindamonhangaba;  168328; 15; 16;0;0; 18; 2;  8; 4;  454;  313;   7; 0; 0;  57; 15;  42;   506;   471;   90; 0;  35;  1386;  158
431;Pindorama;   17049;  1;  1;0;0;  1; 0;  1; 0;   73;   31;   3; 0; 0;   4;  0;   4;     1;     1;    2; 0;   0;    85;   15
432;Pinhalzinho;   15207;  1;  1;0;0;  1; 0;  1; 0;   25;   21;   1; 0; 0;   2;  0;   2;     6;     6;    6; 0;   0;    94;    7
433;Piquerobi;    3692;  0;  0;0;0;  1; 0;  0; 0;   10;    5;   0; 0; 0;   0;  0;   0;     0;     0;    0; 0;   0;    18;    1
434;Piquete;   13657;  1;  1;0;0;  0; 0;  0; 0;   50;   10;   1; 1; 2;   7;  1;   6;    15;    15;    3; 0;   0;    87;    5
435;Piracaia;   27303;  2;  2;0;0;  2; 1;  2; 0;   79;   24;   1; 0; 0;  14;  6;   8;    23;    22;    6; 0;   1;   162;   16
436;Piracicaba;  404142; 27; 27;0;0; 39; 1; 30; 2;  128;  699;   8; 0; 0;  22;  2;  20;   797;   782;  177; 0;  15;  3417;  771
437;Piraju;   29806;  1;  1;0;0;  2; 0;  3; 0;  166;   72;   1; 0; 0;  14;  2;  12;    13;    13;    2; 0;   0;   220;   16
438;Pirajuí;   25492;  2;  2;0;0;  1; 0;  1; 0;   77;   15;   1; 0; 0;   5;  1;   4;     6;     6;    1; 0;   0;   162;   16
439;Pirangi;   11417;  2;  2;0;0;  0; 0;  1; 0;   32;    7;   2; 0; 0;   6;  0;   6;     9;     9;    4; 0;   0;    90;    4
440;Pirapora do Bom Jesus;   18895;  2;  2;0;0;  0; 0;  1; 0;   43;    1;   0; 0; 0;   6;  1;   5;    31;    30;    0; 0;   1;   142;    4
441;Pirapozinho;   27527;  2;  2;0;0;  7; 0;  1; 0;  144;   58;   1; 1; 1;   8;  1;   7;     8;     8;    0; 0;   0;   135;   10
442;Pirassununga;   76409;  5;  6;0;0;  4; 0;  1; 0;  349;   69;   2; 0; 0;  21;  4;  17;    89;    85;   13; 0;   4;   606;   61
443;Piratininga;   13636;  0;  0;0;0;  3; 0;  3; 0;   34;   15;   0; 0; 0;   3;  0;   3;    13;    13;    2; 0;   0;   127;   11
444;Pitangueiras;   39719;  1;  1;0;0;  4; 0;  1; 0;  109;   26;   1; 1; 1;   9;  2;   7;    28;    28;    3; 0;   0;   358;   26
445;Planalto;    5237;  0;  0;0;0;  0; 0;  1; 0;   14;    4;   0; 0; 0;   2;  0;   2;     6;     6;    1; 0;   0;    38;    2
446;Platina;    3550;  0;  0;0;0;  0; 0;  1; 0;   16;    2;   0; 0; 0;   0;  0;   0;     0;     0;    0; 0;   0;     9;    0
447;Poá;  117452;  2;  2;0;0;  1; 0;  5; 0;  317;   51;   0; 2; 2;  47;  9;  38;   855;   818;  213; 0;  37;   111;  328
448;Poloni;    6059;  1;  2;0;0;  1; 0;  1; 0;   16;    7;   0; 0; 0;   4;  1;   3;     4;     4;    0; 0;   0;    31;    0
449;Pompeia;   22014;  2;  2;0;0;  5; 0;  0; 0;   33;   15;   1; 0; 0;   3;  1;   2;     4;     4;    1; 0;   0;    83;    7
450;Pongaí;    3416;  0;  0;0;0;  1; 1;  1; 0;    1;    1;   0; 0; 0;   1;  0;   1;     0;     0;    0; 0;   0;    20;    1
451;Pontal;   49961;  2;  2;0;0;  3; 1;  4; 0;   74;   26;   3; 0; 0;  19;  5;  14;    63;    63;   13; 0;   0;   224;   15
452;Pontalinda;    4628;  0;  0;0;0;  2; 0;  0; 0;   33;    1;   0; 0; 0;   3;  0;   3;     3;     2;    0; 0;   1;    35;    2
453;Pontes Gestal;    2577;  0;  0;0;0;  0; 0;  0; 0;   11;    1;   0; 0; 0;   1;  0;   1;     2;     2;    0; 0;   0;    26;    0
454;Populina;    4169;  1;  1;0;0;  4; 0;  2; 0;   23;    5;   0; 0; 0;   1;  0;   1;     0;     0;    0; 0;   0;    11;    0
455;Porangaba;    9925;  1;  1;0;0;  2; 0;  1; 0;   33;   21;   0; 0; 0;   5;  1;   4;     9;     9;    2; 0;   0;    55;    2
456;Porto Feliz;   53098;  3;  3;0;0;  5; 0;  5; 0;   91;   35;   3; 1; 1;  17;  2;  15;    63;    58;   16; 0;   5;   297;   60
457;Porto Ferreira;   56150;  4;  4;0;0;  4; 0;  2; 0;  251;   78;   0; 0; 0;   6;  1;   5;    78;    74;   21; 0;   4;   535;   37
458;Potim;   24643;  4;  4;0;0;  0; 0;  5; 0;   73;   10;   0; 0; 0;   8;  0;   8;    30;    30;    2; 0;   0;    80;    7
459;Potirendaba;   17361;  0;  0;0;0;  1; 0;  1; 0;   63;   25;   0; 0; 0;   1;  0;   1;     9;     9;    0; 0;   0;   124;    9
460;Pracinha;    4093;  0;  0;0;0;  0; 0;  0; 0;   16;    3;   1; 0; 0;   0;  0;   0;     0;     0;    0; 0;   0;     8;    0
461;Pradópolis;   21496;  1;  1;0;0;  3; 0;  1; 0;   48;   11;   3; 0; 0;   5;  2;   3;    10;     9;    4; 0;   1;    96;   11
462;Praia Grande;  325073; 25; 28;0;0; 19; 4; 31; 0;  940;  637;  55; 0; 0; 113; 24;  89;  3144;  3042;  295; 0; 102;  5025;  470
463;Pratânia;    5261;  0;  0;0;0;  1; 0;  0; 0;   20;   10;   0; 0; 0;   1;  1;   0;     2;     2;    0; 0;   0;    17;    1
464;Presidente Alves;    4094;  0;  0;0;0;  0; 0;  0; 0;   16;    4;   0; 0; 0;   0;  0;   0;     0;     0;    0; 0;   0;    13;    0
465;Presidente Bernardes;   13106;  0;  0;0;0;  1; 0;  0; 0;   45;   24;   0; 0; 0;   1;  0;   1;     0;     0;    0; 0;   0;    53;    1
466;Presidente Epitácio;   44200;  1;  1;0;0;  4; 0;  1; 0;  171;  169;   3; 0; 0;  12;  3;   9;     8;     8;    0; 0;   0;   426;    3
467;Presidente Prudente;  228743;  8;  8;1;1; 13; 1; 20; 0; 1321; 1098;  31; 1; 1;  69;  8;  61;   148;   148;    8; 0;   0;  2211;  153
468;Presidente Venceslau;   39516;  2;  2;0;0;  2; 0;  2; 0;  180;  147;   3; 0; 0;   7;  1;   6;     3;     3;    0; 0;   0;   151;    2
469;Promissão;   40432;  0;  0;0;0;  7; 0;  4; 0;  113;   61;   1; 0; 0;  12;  3;   9;    19;    19;    3; 0;   0;   497;   18
470;Quadra;    3804;  0;  0;0;0;  0; 0;  0; 0;   10;    5;   0; 0; 0;   0;  0;   0;     9;     5;    1; 0;   4;    39;    4
471;Quatá;   14109;  1;  1;0;0;  0; 0;  0; 0;   34;   13;   1; 0; 0;   3;  0;   3;     5;     5;    0; 0;   0;    63;    1
472;Queiroz;    3406;  0;  0;0;0;  0; 0;  0; 0;   13;    5;   2; 0; 0;   1;  0;   1;     1;     1;    0; 0;   0;    25;    2
473;Queluz;   13420;  4;  4;0;0;  2; 0;  2; 0;   65;   13;   0; 0; 0;   4;  0;   4;    33;    30;    2; 0;   3;   104;    2
474;Quintana;    6638;  0;  0;0;0;  0; 0;  0; 0;   11;    5;   0; 0; 0;   0;  0;   0;     0;     0;    0; 0;   0;    24;    0
475;Rafard;    9076;  1;  1;0;0;  0; 0;  0; 0;   33;   16;   1; 0; 0;   1;  0;   1;     5;     4;    5; 0;   1;    70;    8
476;Rancharia;   29707;  2;  2;0;0;  5; 0;  0; 1;  328;  104;   0; 0; 0;   8;  3;   5;    13;    12;    1; 0;   1;   291;    9
477;Redenção da Serra;    3851;  1;  1;0;0;  0; 0;  1; 0;   19;    3;   0; 0; 0;   5;  1;   4;     6;     6;    1; 0;   0;    48;    2
478;Regente Feijó;   20261;  2;  2;0;0;  3; 0;  0; 1;  104;   56;   1; 0; 0;   4;  1;   3;     2;     1;    0; 0;   1;   131;    3
479;Reginópolis;    9621;  0;  0;0;0;  2; 0;  1; 0;   18;    1;   0; 0; 0;   1;  1;   0;     1;     1;    0; 0;   0;    23;    0
480;Registro;   56322;  5;  5;0;0;  7; 0;  6; 0;  226;  160;   3; 0; 0;  35; 14;  21;    80;    77;    8; 0;   3;   649;   34
481;Restinga;    7593;  0;  0;0;0;  0; 0;  0; 0;   25;   14;   6; 0; 0;   5;  0;   5;     8;     8;    0; 0;   0;    76;    1
482;Ribeira;    3340;  1;  1;0;0;  1; 1;  0; 0;   14;    6;   0; 0; 0;   1;  0;   1;     0;     0;    1; 0;   0;    14;    0
483;Ribeirão Bonito;   13219;  2;  2;0;0;  1; 0;  2; 0;   44;    1;   0; 0; 0;   2;  0;   2;     5;     5;    1; 0;   0;    85;    4
484;Ribeirão Branco;   16444;  1;  1;0;0;  1; 1;  1; 0;   76;   16;   1; 0; 0;  18;  5;  13;    10;    10;    0; 0;   0;    74;    4
485;Ribeirão Corrente;    4718;  0;  0;0;0;  0; 0;  1; 0;    7;    4;   1; 0; 0;   4;  0;   4;     3;     3;    0; 0;   0;    47;    1
486;Ribeirão do Sul;    4541;  1;  1;0;0;  0; 0;  0; 0;   18;    7;   0; 0; 0;   0;  0;   0;     1;     1;    2; 0;   0;    37;    1
487;Ribeirão dos Índios;    2225;  0;  0;0;0;  0; 1;  0; 0;    6;    2;   0; 0; 0;   1;  1;   0;     0;     0;    0; 0;   0;     6;    1
488;Ribeirão Grande;    7673;  0;  0;0;0;  1; 0;  1; 0;   17;    2;   0; 0; 0;   1;  0;   1;     2;     2;    1; 0;   0;    53;    1
489;Ribeirão Pires;  123393;  4;  4;0;0; 13; 0;  6; 0;  335;   80;  10; 0; 0;  35; 10;  25;   384;   378;  143; 0;   6;   557;  211
490;Ribeirão Preto;  703293; 40; 42;1;1; 47; 1; 47; 1; 1389; 1325;  55; 2; 2;  74; 27;  47;  2977;  2944;  569; 0;  33;  8823; 1695
491;Rifaina;    3629;  0;  0;0;0;  0; 0;  0; 0;   17;    1;   0; 0; 0;   1;  0;   1;     0;     0;    1; 0;   0;    39;    2
492;Rincão;   10799;  0;  0;0;0;  2; 0;  4; 0;   64;    2;   3; 0; 0;  10;  1;   9;     5;     4;    2; 0;   1;    87;    6
493;Rinópolis;    9981;  1;  1;0;0;  0; 0;  0; 0;   16;   18;   1; 0; 0;   5;  0;   5;     2;     2;    0; 0;   0;    40;    1
494;Rio Claro;  206424; 13; 13;0;0; 21; 0; 14; 1;  644; 1178;   6; 2; 2;  57; 14;  43;   552;   546;  158; 0;   6;  1871;  433
495;Rio das Pedras;   35228;  0;  0;0;0;  0; 1;  8; 0;  139;   63;   2; 0; 0;  11;  2;   9;    42;    41;   15; 0;   1;   309;   33
496;Rio Grande da Serra;   50846;  5;  5;0;0;  1; 0;  3; 0;  146;   26;   0; 0; 0;  15;  4;  11;    74;    71;   23; 0;   3;   285;   30
497;Riolândia;   12518;  0;  0;0;0;  0; 0;  4; 0;   45;   15;   1; 0; 0;   4;  0;   4;     2;     2;    0; 0;   0;   106;    3
498;Riversul;    5524;  0;  0;0;0;  1; 0;  0; 0;   34;    4;   1; 0; 0;   2;  0;   2;     3;     3;    0; 0;   0;    65;    1
499;Rosana;   16643;  1;  1;0;0;  1; 0;  1; 0;   80;   31;   0; 0; 0;  11;  1;  10;     3;     3;    0; 0;   0;   181;    2
500;Roseira;   10712;  2;  2;0;0;  2; 0;  1; 0;   38;    8;   0; 0; 0;   4;  1;   3;    25;    23;    6; 0;   2;    76;    3
501;Rubiácea;    3128;  0;  0;0;0;  0; 0;  0; 0;    8;    7;   0; 0; 0;   0;  0;   0;     1;     1;    1; 0;   0;    16;    0
502;Rubineia;    3148;  1;  1;0;0;  1; 0;  0; 0;    6;    6;   0; 0; 0;   2;  0;   2;     0;     0;    1; 0;   0;    31;    1
503;Sabino;    5590;  0;  0;0;0;  0; 0;  2; 0;   29;    4;   0; 0; 0;   1;  0;   1;     2;     2;    0; 0;   0;    76;    0
504;Sagres;    2432;  0;  0;0;0;  0; 0;  0; 0;    2;    1;   0; 1; 1;   0;  0;   0;     0;     0;    0; 0;   0;     6;    0
505;Sales;    6331;  0;  0;0;0;  0; 0;  0; 0;   48;   10;   0; 0; 0;   5;  2;   3;     1;     1;    0; 0;   0;    65;    1
506;Sales Oliveira;   11890;  0;  0;0;0;  2; 0;  0; 0;   40;    8;   1; 0; 0;   3;  0;   3;     2;     2;    4; 0;   0;    79;    5
507;Salesópolis;   17139;  0;  0;0;0;  2; 0;  0; 0;   68;   10;   0; 0; 0;   5;  0;   5;    11;    11;    1; 0;   0;   120;    8
508;Salmourão;    5300;  1;  1;0;0;  0; 0;  1; 0;   24;    3;   2; 0; 0;   2;  0;   2;     0;     0;    0; 0;   0;    14;    0
509;Saltinho;    8286;  0;  0;0;0;  0; 1;  0; 0;   27;   10;   2; 0; 0;   2;  0;   2;     4;     4;    2; 0;   0;    64;    9
510;Salto;  118663;  5;  5;0;0;  3; 1;  9; 0;  245;   72;   2; 1; 1;  23;  6;  17;   131;   124;   34; 0;   7;   616;  248
511;Salto de Pirapora;   45422;  3;  3;0;0;  6; 0;  2; 0;   60;   19;   2; 0; 0;  14;  2;  12;    42;    42;    8; 0;   0;   285;   47
512;Salto Grande;    9331;  0;  0;0;0;  4; 0;  0; 0;   52;    4;   0; 1; 1;   6;  1;   5;     5;     5;    2; 0;   0;   103;    3
513;Sandovalina;    4302;  0;  0;0;0;  0; 0;  0; 0;   20;    6;   0; 0; 0;   3;  1;   2;     1;     1;    0; 0;   0;    39;    3
514;Santa Adélia;   15480;  0;  0;0;0;  3; 0;  0; 0;   61;   27;   2; 0; 0;   8;  2;   6;     7;     5;    0; 0;   2;    40;    7
515;Santa Albertina;    6008;  1;  1;0;0;  2; 0;  1; 0;   28;    9;   0; 0; 0;   5;  0;   5;     2;     2;    0; 0;   0;    43;    2
516;Santa Bárbara d'Oeste;  193475;  7;  9;0;0; 18; 4;  8; 1;  472;  407;   8; 0; 0;  10;  3;   7;   428;   407;   80; 0;  21;   141;  564
517;Santa Branca;   14788;  1;  1;0;0;  1; 0;  1; 0;   64;    4;   1; 0; 0;   5;  3;   2;    14;    14;    5; 0;   0;   112;    7
518;Santa Clara d'Oeste;    2115;  0;  0;0;0;  0; 0;  0; 0;   12;    4;   0; 0; 0;   0;  0;   0;     0;     0;    0; 0;   0;    11;    2
519;Santa Cruz da Conceição;    4503;  0;  0;0;0;  2; 0;  0; 0;   13;   10;   0; 0; 0;   2;  0;   2;     5;     3;    2; 0;   2;    44;    1
520;Santa Cruz da Esperança;    2139;  0;  0;0;0;  1; 0;  0; 0;    8;    0;   0; 0; 0;   0;  0;   0;     0;     0;    0; 0;   0;    31;    0
521;Santa Cruz das Palmeiras;   34361;  3;  3;0;0;  2; 0;  6; 0;  120;   21;   1; 0; 0;  13;  5;   8;    33;    31;    5; 0;   2;   239;   10
522;Santa Cruz do Rio Pardo;   47673;  0;  0;0;0;  6; 0;  1; 0;  200;  159;   6; 0; 0;  10;  0;  10;    15;    11;    3; 0;   4;   383;   16
523;Santa Ernestina;    5599;  1;  1;0;0;  1; 0;  0; 0;   14;    1;   0; 0; 0;   2;  1;   1;     6;     5;    1; 0;   1;    32;    3
524;Santa Fé do Sul;   32322;  2;  2;0;0;  1; 0;  5; 0;  202;  209;   6; 0; 0;  21;  3;  18;    23;    23;    0; 0;   0;   343;   16
525;Santa Gertrudes;   26898;  1;  1;0;0;  3; 0;  2; 1;   85;   72;   0; 0; 0;   6;  2;   4;    36;    33;   22; 0;   3;   138;   19
526;Santa Isabel;   57386;  4;  4;0;0;  4; 0;  3; 0;  184;   71;   5; 0; 0;  18;  6;  12;   116;   102;   42; 0;  14;   349;   58
527;Santa Lúcia;    8817;  0;  0;0;0;  0; 0;  1; 1;   15;    0;   1; 0; 0;   3;  1;   2;     3;     3;    0; 0;   0;    31;    1
528;Santa Maria da Serra;    6173;  0;  0;0;0;  0; 0;  3; 0;   36;    5;   0; 0; 0;   3;  0;   3;     5;     5;    4; 0;   0;    43;    1
529;Santa Mercedes;    2939;  0;  0;0;0;  1; 0;  0; 0;   11;    6;   1; 0; 0;   4;  0;   4;     1;     1;    0; 0;   0;    18;    0
530;Santa Rita do Passa Quatro;   27557;  3;  4;0;0;  6; 1;  1; 0;   96;   16;   1; 0; 0;   6;  2;   4;    50;    33;    5; 0;  17;   292;    7
531;Santa Rita d'Oeste;    2498;  0;  0;0;0;  1; 0;  0; 0;    7;    5;   0; 0; 0;   2;  0;   2;     0;     0;    0; 0;   0;     4;    2
532;Santa Rosa de Viterbo;   26540;  0;  0;0;0;  1; 0;  4; 0;  107;   27;   3; 0; 0;   4;  0;   4;    11;    11;    3; 0;   0;   141;    6
533;Santa Salete;    1545;  0;  0;0;0;  0; 0;  0; 0;    6;    4;   0; 0; 0;   0;  0;   0;     0;     0;    0; 0;   0;    10;    0
534;Santana da Ponte Pensa;    1487;  0;  0;0;0;  0; 0;  0; 0;    7;    1;   0; 0; 0;   0;  0;   0;     0;     0;    0; 0;   0;     5;    0
535;Santana de Parnaíba;  139447;  3;  3;0;0;  5; 1;  5; 0;  163;  210;   3; 0; 0;  59; 11;  48;   164;   153;   27; 0;  11;   568;   87
536;Santo Anastácio;   20878;  1;  1;0;0;  1; 0;  0; 0;   70;   52;   0; 0; 0;   5;  0;   5;     3;     3;    0; 0;   0;    66;    0
537;Santo André;  718773; 51; 52;1;1; 27; 3; 22; 2; 1363;  781;  32; 1; 1; 119; 29;  90;   661;  6523; 1715; 0;  87;  6287; 4345
538;Santo Antônio da Alegria;    6929;  0;  0;0;0;  0; 0;  1; 0;   38;    6;   0; 0; 0;   0;  0;   0;     8;     8;    1; 0;   0;   122;    2
539;Santo Antônio de Posse;   23310;  4;  4;0;0;  2; 0;  5; 0;  100;   39;   1; 0; 0;   7;  2;   5;    22;    19;   29; 0;   3;   161;   44
540;Santo Antônio do Aracanguá;    8420;  0;  0;0;0;  1; 0;  1; 0;   35;    7;   0; 0; 0;   4;  1;   3;     1;     1;    0; 0;   0;    72;    3
541;Santo Antônio do Jardim;    5954;  0;  0;0;0;  0; 0;  0; 0;   18;    9;   0; 0; 0;   1;  0;   1;     3;     3;    5; 0;   0;    29;    4
542;Santo Antônio do Pinhal;    6811;  0;  0;0;0;  0; 0;  0; 0;   26;    9;   2; 0; 0;   6;  0;   6;     1;     1;    0; 0;   0;    58;    2
543;Santo Expedito;    3111;  0;  0;0;0;  0; 0;  0; 0;   19;    1;   1; 0; 0;   0;  0;   0;     0;     0;    0; 0;   0;    22;    0
544;Santópolis do Aguapeí;    4777;  0;  0;0;0;  2; 0;  0; 0;   16;    6;   0; 0; 0;   2;  0;   2;     2;     2;    1; 0;   0;    34;    1
545;Santos;  433311; 20; 20;1;1; 21; 6; 37; 0;  857;  514; 100; 1; 1;  64; 30;  34;  2535;  2467;  169; 1;  67;  5648; 1002
546;São Bento do Sapucaí;   10878;  1;  1;0;0;  0; 0;  0; 0;   47;    7;   0; 0; 0;   3;  2;   1;     2;     2;    1; 0;   0;    62;    8
547;São Bernardo do Campo;  838936; 35; 36;0;0; 32; 4; 36; 1; 1323; 1211;  43; 5; 5; 170; 52; 118;   644;  6259; 1808; 0; 181;  6591;  223
548;São Caetano do Sul;  161127;  5;  5;0;0;  1; 0;  4; 0;  238;  138;  13; 1; 1;  32; 12;  20;   873;   843;  169; 0;  30;  1551;  455
549;São Carlos;  251983; 18; 19;0;0; 19; 0; 23; 1;  658;  254;  12; 0; 0;  35; 18;  17;   416;   404;   39; 0;  12;  3229;  316
550;São Francisco;    2821;  0;  0;0;0;  0; 0;  0; 0;    9;    2;   0; 0; 0;   0;  0;   0;     0;     0;    0; 0;   0;    14;    0
551;São João da Boa Vista;   91211;  1;  1;0;0;  8; 0;  3; 0;  340;  210;   4; 1; 1;  28;  7;  21;    86;    86;   10; 0;   0;   686;   45
552;São João das Duas Pontes;    2568;  0;  0;0;0;  1; 0;  1; 0;    4;    1;   0; 0; 0;   1;  0;   1;     0;     0;    0; 0;   0;     9;    0
553;São João de Iracema;    1922;  0;  0;0;0;  0; 0;  1; 0;    8;    1;   0; 0; 0;   0;  0;   0;     1;     1;    0; 0;   0;    13;    0
554;São João do Pau d'Alho;    2105;  0;  0;0;0;  0; 0;  0; 0;    5;    1;   0; 0; 0;   0;  0;   0;     1;     1;    0; 0;   0;     2;    1
555;São Joaquim da Barra;   51888;  2;  2;0;0;  9; 0;  2; 0;  199;  114;   4; 0; 0;  18;  7;  11;    29;    23;    1; 0;   6;   403;   16
556;São José da Bela Vista;    8928;  0;  0;0;0;  1; 0;  1; 0;   29;   11;   0; 0; 0;   4;  1;   3;     4;     4;    0; 0;   0;    87;    2
557;São José do Barreiro;    4147;  0;  0;0;0;  0; 0;  0; 0;   18;    1;   0; 0; 0;   1;  0;   1;     1;     1;    0; 0;   0;    18;    1
558;São José do Rio Pardo;   54946;  0;  0;0;0;  3; 1;  3; 0;  193;   87;   3; 0; 0;  10;  3;   7;    40;    40;    3; 0;   0;   558;   41
559;São José do Rio Preto;  460671; 24; 24;1;1; 29; 3; 54; 1; 1482; 2041;  47; 2; 2; 167; 46; 121;   769;   767;   58; 0;   2;  6368;  909
560;São José dos Campos;  721944; 35; 36;0;0; 56; 1; 67; 0;  171;  865;  25; 2; 2; 181; 46; 135;  2206;  2189;  452; 0;  17;  5126; 1806
561;São Lourenço da Serra;   15825;  2;  2;0;0;  3; 0;  5; 0;   48;   16;   0; 0; 0;  11;  0;  11;    44;    40;   26; 0;   4;   109;   14
562;São Luiz do Paraitinga;   10687;  0;  0;0;0;  3; 0;  0; 0;   48;   11;   0; 0; 0;   8;  2;   6;    11;    11;    1; 0;   0;    89;    1
563;São Manuel;   40954;  4;  4;1;1; 10; 0;  3; 0;  156;   38;   0; 0; 0;  26;  3;  23;    33;    32;    2; 0;   1;   235;   12
564;São Miguel Arcanjo;   32931;  2;  2;0;0;  2; 0;  1; 0;   80;   40;   1; 1; 1;  13;  0;  13;    21;    21;    4; 0;   0;   313;   18
565;São Paulo;12252023;650;685;3;3;421;24;746;22;29864;14146;1319;64;66;2663;772;1891;141134;137369;21229;13;3752;226566;37331
566;São Pedro;   35653;  4;  4;0;0;  1; 0;  3; 0;  155;   87;   1; 0; 0;  16;  3;  13;    43;    41;    9; 1;   1;   245;   20
567;São Pedro do Turvo;    7666;  1;  1;0;0;  0; 0;  1; 0;   37;    7;   1; 0; 0;   2;  0;   2;     5;     4;    1; 0;   1;    39;    2
568;São Roque;   91016;  4;  4;0;0;  9; 0;  8; 0;  169;   82;   2; 0; 0;  39;  7;  32;   123;   116;   60; 0;   7;   656;   59
569;São Sebastião;   88980; 12; 13;0;0; 10; 0;  9; 0;  393;   92;   7; 0; 0;  40; 15;  25;   194;   194;    2; 0;   0;   961;   34
570;São Sebastião da Grama;   12182;  0;  0;0;0;  0; 0;  0; 0;   31;    9;   3; 0; 0;   1;  0;   1;     2;     2;    1; 0;   0;    58;    9
571;São Simão;   15322;  2;  2;0;0;  6; 0;  0; 0;   75;   21;   0; 0; 0;   6;  1;   5;    17;    10;    3; 0;   7;   139;    5
572;São Vicente;  365798; 17; 24;0;0; 26; 1; 38; 2;  803;  388;  10; 1; 1;  51; 13;  38;  2941;  2932;  356; 0;   9;  3446;  338
573;Sarapuí;   10285;  3;  3;0;0;  2; 0;  0; 0;   34;   10;   2; 0; 0;   3;  2;   1;     9;     9;    4; 0;   0;    87;    6
574;Sarutaiá;    3638;  1;  1;0;0;  0; 0;  0; 0;    8;    3;   0; 0; 0;   0;  0;   0;     2;     2;    0; 0;   0;    32;    1
575;Sebastianópolis do Sul;    3513;  0;  0;0;0;  1; 0;  0; 0;    9;    1;   1; 0; 0;   5;  1;   4;     0;     0;    0; 0;   0;    21;    1
576;Serra Azul;   14662;  0;  0;0;0;  2; 0;  0; 0;   65;    3;   1; 0; 0;   8;  3;   5;     3;     3;    1; 0;   0;    76;    7
577;Serra Negra;   29229;  1;  1;0;0;  0; 0;  5; 0;  117;   56;   1; 0; 0;  11;  6;   5;    21;    20;    1; 0;   1;   249;   20
578;Serrana;   45107;  2;  2;0;0;  4; 0;  5; 0;  132;   37;   1; 0; 0;  16;  7;   9;    81;    79;   12; 0;   2;   380;   75
579;Sertãozinho;  125815;  5;  8;0;0; 12; 1;  8; 0;  335;  119;   7; 0; 0;  35;  9;  26;   145;   142;   44; 0;   3;   945;  262
580;Sete Barras;   12832;  1;  1;0;0;  4; 0;  1; 0;   51;   21;   2; 0; 0;   4;  2;   2;     7;     7;    0; 0;   0;   156;    1
581;Severínia;   17496;  0;  0;0;0;  1; 2;  0; 0;   57;   23;   0; 0; 0;   7;  1;   6;     3;     3;    0; 0;   0;    35;    5
582;Silveiras;    6302;  0;  0;0;0;  0; 0;  0; 0;   15;    7;   0; 0; 0;   3;  0;   3;     1;     1;    0; 0;   0;    32;    2
583;Socorro;   41005;  1;  1;0;0;  5; 0;  2; 0;   97;   55;   0; 0; 0;  10;  4;   6;    18;    18;    2; 0;   0;   232;   26
584;Sorocaba;  679378; 47; 48;0;0; 49; 0; 52; 1; 1922;  875;  22; 2; 2; 189; 39; 150;  1928;  1919;  377; 0;   9;  6888; 1303
585;Sud Mennucci;    7718;  0;  0;0;0;  1; 0;  1; 0;   30;   12;   1; 0; 0;   4;  1;   3;     1;     1;    0; 0;   0;    55;    3
586;Sumaré;  282441; 19; 20;0;0; 21; 3; 21; 1;  741;  507;  11; 0; 0;  50; 22;  28;   999;   939;  286; 0;  60;   214;  547
587;Suzanápolis;    3963;  0;  0;0;0;  1; 0;  0; 0;   15;    3;   0; 0; 0;   2;  0;   2;     0;     0;    0; 0;   0;    18;    0
588;Suzano;  297637; 21; 30;0;0; 20; 3; 14; 0;  865;  250;  26; 4; 4;  96; 20;  76;  1592;  1521;  498; 0;  71;   239;  782
589;Tabapuã;   12407;  2;  2;0;0;  1; 0;  0; 0;   37;   13;   1; 0; 0;   4;  1;   3;     1;     1;    0; 0;   0;    47;    2
590;Tabatinga;   16496;  1;  2;0;0;  2; 0;  1; 0;   50;    6;   0; 0; 0;   7;  2;   5;     9;     8;    0; 0;   1;   116;    4
591;Taboão da Serra;  289664; 12; 12;0;0;  3; 0; 25; 2;  834;  308;  15; 1; 1;  80; 22;  58;  2441;  2368;  388; 0;  73;  1756;  549
592;Taciba;    6285;  0;  0;0;0;  3; 0;  0; 0;   28;    8;   0; 0; 0;   1;  0;   1;     0;     0;    1; 0;   0;    54;    2
593;Taguaí;   13859;  0;  0;0;0;  1; 0;  0; 0;   61;   15;   1; 0; 0;   9;  2;   7;     4;     4;    1; 0;   0;    85;    6
594;Taiaçu;    6295;  0;  0;0;0;  0; 0;  1; 0;   14;    1;   0; 0; 0;   5;  0;   5;     6;     6;    1; 0;   0;    62;    5
595;Taiúva;    5566;  0;  0;0;0;  0; 0;  0; 0;   13;    2;   0; 0; 0;   0;  0;   0;     4;     3;    0; 0;   1;    66;    7
596;Tambaú;   23207;  3;  3;0;0;  1; 0;  1; 0;   82;   28;   0; 0; 0;  10;  2;   8;    11;    11;   11; 0;   0;   188;   12
597;Tanabi;   25967;  2;  2;0;0;  4; 0;  0; 0;   78;   18;   0; 0; 0;   7;  1;   6;    16;    16;    0; 0;   0;   259;   20
598;Tapiraí;    7807;  2;  2;0;0;  3; 0;  0; 0;   37;    6;   0; 0; 0;   4;  0;   4;     4;     4;    0; 0;   0;    75;    1
599;Tapiratiba;   12960;  0;  0;0;0;  3; 0;  3; 0;   52;   20;   0; 0; 0;   1;  0;   1;     5;     5;    1; 0;   0;    61;    4
600;Taquaral;    2811;  0;  0;0;0;  0; 0;  0; 0;   13;    0;   0; 0; 0;   5;  1;   4;     1;     1;    0; 0;   0;    18;    0
601;Taquaritinga;   57177;  7;  7;0;0; 12; 6;  6; 1;  217;   86;   2; 0; 0;  27;  3;  24;    53;    50;   15; 0;   3;   640;   36
602;Taquarituba;   23218;  1;  1;0;0;  4; 0;  0; 0;  129;   31;   0; 0; 0;  16;  2;  14;    26;    26;    0; 0;   0;   166;   15
603;Taquarivaí;    5852;  0;  0;0;0;  2; 0;  1; 0;   34;   11;   0; 0; 0;   8;  1;   7;     2;     2;    0; 0;   0;    39;    1
604;Tarabai;    7468;  0;  0;0;0;  0; 0;  0; 0;   44;    4;   1; 0; 0;   2;  1;   1;     1;     1;    1; 0;   0;    52;    0
605;Tarumã;   15000;  0;  0;0;0;  4; 1;  1; 0;   57;   13;   0; 0; 0;   3;  2;   1;     5;     4;    1; 0;   1;    77;    5
606;Tatuí;  121766;  4;  4;0;0; 15; 2; 11; 0;  384;   85;   1; 1; 1;  69; 16;  53;   106;   105;   23; 0;   1;   760;  138
607;Taubaté;  314924; 35; 37;0;0; 27; 0; 42; 2;  913;  559;  35; 1; 1;  74; 19;  55;   966;   963;  170; 0;   3;  2966;  485
608;Tejupá;    4532;  0;  0;0;0;  2; 0;  0; 0;   27;    0;   0; 0; 0;   3;  1;   2;     1;     1;    0; 0;   0;    26;    3
609;Teodoro Sampaio;   23148;  1;  1;0;0;  1; 0;  2; 0;  118;   34;   0; 0; 0;  12;  3;   9;     6;     6;    1; 0;   0;   183;    5
610;Terra Roxa;    9370;  0;  0;0;0;  1; 0;  0; 0;   29;    7;   2; 0; 0;   8;  3;   5;     2;     1;    0; 0;   1;    39;    5
611;Tietê;   42076;  1;  1;0;0;  9; 0;  2; 0;  104;   83;   0; 0; 0;  10;  3;   7;    31;    30;   10; 0;   1;   226;   73
612;Timburi;    2658;  0;  0;0;0;  0; 0;  0; 0;    8;    3;   0; 0; 0;   0;  0;   0;     1;     0;    0; 0;   1;    13;    0
613;Torre de Pedra;    2412;  0;  0;0;0;  0; 0;  0; 0;    4;    1;   1; 0; 0;   1;  0;   1;     1;     1;    0; 0;   0;     7;    0
614;Torrinha;   10010;  1;  1;0;0;  0; 0;  1; 0;   48;   10;   0; 0; 0;   7;  0;   7;     1;     1;    1; 0;   0;    70;    4
615;Trabiju;    1724;  0;  0;0;0;  0; 0;  0; 0;    4;    2;   0; 0; 0;   1;  0;   1;     0;     0;    0; 0;   0;    12;    0
616;Tremembé;   47185;  4;  4;0;0;  4; 0;  4; 0;  166;   47;   1; 1; 1;  12;  4;   8;    86;    86;   30; 0;   0;   310;   36
617;Três Fronteiras;    5807;  0;  0;0;0;  1; 0;  3; 0;   39;   21;   0; 0; 0;   5;  2;   3;     1;     1;    0; 0;   0;    52;    5
618;Tuiuti;    6894;  1;  1;0;0;  2; 0;  1; 0;   16;    9;   0; 0; 0;   2;  0;   2;     3;     3;    0; 0;   0;    68;    2
619;Tupã;   65524;  1;  1;0;0;  4; 0;  2; 1;  234;  400;   4; 1; 1;  10;  2;   8;    13;    13;    1; 0;   0;   482;   30
620;Tupi Paulista;   15495;  0;  0;0;0;  1; 0;  1; 0;   87;   54;   1; 0; 0;   4;  1;   3;     0;     0;    0; 0;   0;    86;    1
621;Turiúba;    2016;  0;  0;0;0;  0; 0;  0; 0;    5;    1;   1; 0; 0;   0;  0;   0;     0;     0;    0; 0;   0;    13;    0
622;Turmalina;    1727;  0;  0;0;0;  0; 0;  0; 0;    5;    3;   0; 0; 0;   0;  0;   0;     0;     0;    0; 0;   0;     5;    0
623;Ubarana;    6309;  0;  0;0;0;  3; 0;  2; 0;   29;    5;   1; 0; 0;   4;  2;   2;     1;     1;    0; 0;   0;    40;    2
624;Ubatuba;   90799; 20; 20;0;0;  9; 1; 18; 0;  474;  228;   1; 0; 0;  44; 11;  33;   334;   329;    9; 0;   5;  1295;   57
625;Ubirajara;    4780;  1;  1;0;0;  0; 0;  1; 0;   20;    2;   1; 0; 0;   4;  0;   4;     5;     5;    0; 0;   0;    29;    1
626;Uchoa;   10110;  0;  0;0;0;  1; 0;  1; 0;   47;   13;   2; 0; 0;   3;  1;   2;     3;     2;    0; 0;   1;    63;    5
627;União Paulista;    1844;  0;  0;0;0;  0; 0;  0; 0;    5;    1;   0; 0; 0;   1;  0;   1;     0;     0;    0; 0;   0;    13;    1
628;Urânia;    9114;  1;  1;0;0;  2; 1;  1; 0;   26;   22;   0; 0; 0;   6;  1;   5;     4;     3;    1; 0;   1;    39;    1
629;Uru;    1165;  0;  0;0;0;  0; 0;  0; 0;    6;    2;   0; 0; 0;   0;  0;   0;     0;     0;    0; 0;   0;     8;    0
630;Urupês;   13809;  1;  1;0;0;  2; 1;  1; 0;   77;   21;   4; 0; 0;   8;  2;   6;     3;     3;    0; 0;   0;    88;    7
631;Valentim Gentil;   13326;  0;  0;0;0;  5; 0;  0; 0;   72;   48;   3; 0; 0;   8;  2;   6;     5;     5;    0; 0;   0;   121;   12
632;Valinhos;  129193;  4;  5;2;3;  8; 1;  4; 0;  428;  366;   2; 0; 0;  25;  9;  16;   187;   169;   65; 0;  18;   817;  252
633;Valparaíso;   26480;  6;  6;0;0;  0; 0;  6; 0;   64;   30;   0; 0; 0;   5;  0;   5;    16;    16;    2; 0;   0;   153;    6
634;Vargem;   10537;  0;  0;0;0;  1; 0;  2; 0;   42;   14;   0; 0; 0;   7;  0;   7;     6;     5;    5; 0;   1;    79;    4
635;Vargem Grande do Sul;   42845;  5;  5;0;0;  7; 0;  6; 0;  158;  100;   0; 0; 0;  10;  3;   7;    19;    19;    7; 0;   0;   316;   22
636;Vargem Grande Paulista;   52597;  3;  3;0;0;  3; 0;  4; 0;  162;   72;   3; 0; 0;  14;  4;  10;    92;    82;   51; 0;  10;   271;   36
637;Várzea Paulista;  121838;  8;  8;0;0;  8; 0;  3; 0;  316;  149;   8; 0; 0;  37; 14;  23;   311;   304;   83; 0;   7;   715;  219
638;Vera Cruz;   10843;  1;  1;0;0;  0; 0;  2; 0;   43;   19;   0; 0; 0;   0;  0;   0;     3;     2;    0; 0;   1;    81;    2
639;Vinhedo;   78728;  2;  2;0;0;  4; 1;  2; 0;  199;  143;   7; 0; 0;  12;  6;   6;    81;    77;   19; 0;   4;   492;   54
640;Viradouro;   18898;  1;  1;0;0;  2; 0;  3; 0;  118;   27;   0; 0; 0;   4;  1;   3;    11;    11;    3; 0;   0;   110;    5
641;Vista Alegre do Alto;    8810;  0;  0;0;0;  2; 0;  0; 0;   25;    1;   0; 0; 0;   2;  0;   2;     4;     4;    2; 0;   0;    47;    2
642;Vitória Brasil;    1840;  0;  0;0;0;  0; 0;  0; 0;    7;    3;   1; 0; 0;   1;  1;   0;     1;     1;    0; 0;   0;     8;    0
643;Votorantim;  122480;  4;  4;0;0;  6; 1;  6; 1;  300;   92;   6; 0; 0;  51; 14;  37;   130;   130;   31; 0;   0;   714;  102
644;Votuporanga;   94547;  7;  7;0;0;  6; 2;  7; 0;  406;  748;  50; 0; 0;  29;  9;  20;    57;    57;    3; 0;   0;   948;   78
645;Zacarias;    2718;  1;  1;0;0;  1; 0;  0; 0;   15;    6;   0; 0; 0;   2;  0;   2;     2;     2;    0; 0;   0;    33;    0
